Time,Power (W),Rpm,Pulse,Target pulse
2012-10-23T16:18:20,0,44,97,0
2012-10-23T16:18:21,75,57,97,0
2012-10-23T16:18:22,75,60,97,0
2012-10-23T16:18:23,75,63,97,0
2012-10-23T16:18:24,75,65,97,0
2012-10-23T16:18:25,75,66,97,0
2012-10-23T16:18:26,75,68,97,0
2012-10-23T16:18:27,75,69,97,0
2012-10-23T16:18:28,75,71,97,0
2012-10-23T16:18:29,75,71,97,0
2012-10-23T16:18:30,75,72,97,0
2012-10-23T16:18:31,75,73,97,0
2012-10-23T16:18:32,75,74,97,0
2012-10-23T16:18:33,75,74,97,0
2012-10-23T16:18:34,75,75,97,0
2012-10-23T16:18:35,75,74,97,0
2012-10-23T16:18:36,75,74,97,0
2012-10-23T16:18:37,75,75,97,0
2012-10-23T16:18:38,75,75,97,0
2012-10-23T16:18:39,75,76,97,0
2012-10-23T16:18:40,75,77,96,0
2012-10-23T16:18:41,75,78,96,0
2012-10-23T16:18:42,75,78,96,0
2012-10-23T16:18:43,75,78,96,0
2012-10-23T16:18:44,75,78,96,0
2012-10-23T16:18:45,75,77,96,0
2012-10-23T16:18:46,75,78,96,0
2012-10-23T16:18:47,75,78,96,0
2012-10-23T16:18:48,75,79,96,0
2012-10-23T16:18:49,75,79,96,0
2012-10-23T16:18:50,75,79,96,105
2012-10-23T16:18:51,75,78,96,105
2012-10-23T16:18:52,75,78,97,105
2012-10-23T16:18:53,75,78,97,105
2012-10-23T16:18:54,75,78,98,105
2012-10-23T16:18:55,75,79,98,105
2012-10-23T16:18:56,75,79,98,105
2012-10-23T16:18:57,75,79,98,105
2012-10-23T16:18:58,75,79,98,105
2012-10-23T16:18:59,75,79,98,105
2012-10-23T16:19:00,75,79,98,105
2012-10-23T16:19:01,75,79,98,105
2012-10-23T16:19:02,75,79,97,105
2012-10-23T16:19:03,75,79,97,105
2012-10-23T16:19:04,75,79,96,105
2012-10-23T16:19:05,75,79,96,105
2012-10-23T16:19:06,75,79,96,105
2012-10-23T16:19:07,80,79,96,105
2012-10-23T16:19:08,80,79,96,105
2012-10-23T16:19:09,80,79,96,105
2012-10-23T16:19:10,80,79,96,105
2012-10-23T16:19:11,80,79,96,105
2012-10-23T16:19:12,80,79,96,105
2012-10-23T16:19:13,80,80,96,105
2012-10-23T16:19:14,80,79,96,105
2012-10-23T16:19:15,80,79,96,105
2012-10-23T16:19:16,80,80,96,105
2012-10-23T16:19:17,80,80,96,105
2012-10-23T16:19:18,80,80,96,105
2012-10-23T16:19:19,80,81,96,105
2012-10-23T16:19:20,80,81,96,110
2012-10-23T16:19:21,80,80,96,110
2012-10-23T16:19:22,80,80,96,110
2012-10-23T16:19:23,80,80,96,110
2012-10-23T16:19:24,80,80,96,110
2012-10-23T16:19:25,80,80,96,110
2012-10-23T16:19:26,80,80,96,110
2012-10-23T16:19:27,80,80,96,110
2012-10-23T16:19:28,80,81,96,110
2012-10-23T16:19:29,80,81,96,110
2012-10-23T16:19:30,85,81,96,110
2012-10-23T16:19:31,85,82,96,110
2012-10-23T16:19:32,85,81,96,110
2012-10-23T16:19:33,85,81,96,110
2012-10-23T16:19:34,85,81,96,110
2012-10-23T16:19:35,85,82,96,110
2012-10-23T16:19:36,85,81,96,110
2012-10-23T16:19:37,85,81,96,110
2012-10-23T16:19:38,85,82,96,110
2012-10-23T16:19:39,85,82,96,110
2012-10-23T16:19:40,85,82,96,110
2012-10-23T16:19:41,85,82,96,110
2012-10-23T16:19:42,85,82,97,110
2012-10-23T16:19:43,85,82,97,110
2012-10-23T16:19:44,85,81,98,110
2012-10-23T16:19:45,85,81,98,110
2012-10-23T16:19:46,85,81,98,110
2012-10-23T16:19:47,90,80,98,110
2012-10-23T16:19:48,90,80,98,110
2012-10-23T16:19:49,90,81,99,110
2012-10-23T16:19:50,90,81,99,110
2012-10-23T16:19:51,90,81,99,110
2012-10-23T16:19:52,90,81,99,110
2012-10-23T16:19:53,90,81,99,110
2012-10-23T16:19:54,90,82,99,110
2012-10-23T16:19:55,90,82,99,110
2012-10-23T16:19:56,90,82,99,110
2012-10-23T16:19:57,90,82,99,110
2012-10-23T16:19:58,90,81,100,110
2012-10-23T16:19:59,90,81,100,110
2012-10-23T16:20:00,90,81,100,110
2012-10-23T16:20:01,90,81,99,110
2012-10-23T16:20:02,90,81,99,110
2012-10-23T16:20:03,90,81,99,110
2012-10-23T16:20:04,90,81,99,110
2012-10-23T16:20:05,95,80,99,110
2012-10-23T16:20:06,95,81,100,110
2012-10-23T16:20:07,95,80,100,110
2012-10-23T16:20:08,95,80,100,110
2012-10-23T16:20:09,95,80,100,110
2012-10-23T16:20:10,95,81,100,110
2012-10-23T16:20:11,95,81,99,110
2012-10-23T16:20:12,95,81,99,110
2012-10-23T16:20:13,95,82,99,110
2012-10-23T16:20:14,95,82,99,110
2012-10-23T16:20:15,95,81,99,110
2012-10-23T16:20:16,95,81,99,110
2012-10-23T16:20:17,95,81,99,110
2012-10-23T16:20:18,95,82,99,110
2012-10-23T16:20:19,95,82,99,110
2012-10-23T16:20:20,95,83,99,115
2012-10-23T16:20:21,95,83,99,115
2012-10-23T16:20:22,95,84,100,115
2012-10-23T16:20:23,95,84,100,115
2012-10-23T16:20:24,100,83,100,115
2012-10-23T16:20:25,100,82,100,115
2012-10-23T16:20:26,100,81,100,115
2012-10-23T16:20:27,100,80,101,115
2012-10-23T16:20:28,100,80,101,115
2012-10-23T16:20:29,100,80,101,115
2012-10-23T16:20:30,100,81,101,115
2012-10-23T16:20:31,100,81,101,115
2012-10-23T16:20:32,100,81,101,115
2012-10-23T16:20:33,100,81,101,115
2012-10-23T16:20:34,100,81,101,115
2012-10-23T16:20:35,100,81,101,115
2012-10-23T16:20:36,100,81,101,115
2012-10-23T16:20:37,100,80,101,115
2012-10-23T16:20:38,100,80,101,115
2012-10-23T16:20:39,100,80,101,115
2012-10-23T16:20:40,100,80,101,115
2012-10-23T16:20:41,105,80,101,115
2012-10-23T16:20:42,105,81,101,115
2012-10-23T16:20:43,105,81,101,115
2012-10-23T16:20:44,105,80,101,115
2012-10-23T16:20:45,105,80,101,115
2012-10-23T16:20:46,105,80,101,115
2012-10-23T16:20:47,105,79,101,115
2012-10-23T16:20:48,105,80,101,115
2012-10-23T16:20:49,105,80,101,115
2012-10-23T16:20:50,105,80,101,115
2012-10-23T16:20:51,105,80,102,115
2012-10-23T16:20:52,105,81,102,115
2012-10-23T16:20:53,105,81,102,115
2012-10-23T16:20:54,105,81,102,115
2012-10-23T16:20:55,105,82,102,115
2012-10-23T16:20:56,105,82,102,115
2012-10-23T16:20:57,105,82,102,115
2012-10-23T16:20:58,110,82,103,115
2012-10-23T16:20:59,110,81,103,115
2012-10-23T16:21:00,110,81,104,115
2012-10-23T16:21:01,110,80,104,115
2012-10-23T16:21:02,110,80,104,115
2012-10-23T16:21:03,110,80,103,115
2012-10-23T16:21:04,110,80,103,115
2012-10-23T16:21:05,110,80,103,115
2012-10-23T16:21:06,110,80,103,115
2012-10-23T16:21:07,110,80,103,115
2012-10-23T16:21:08,110,80,103,115
2012-10-23T16:21:09,110,80,103,115
2012-10-23T16:21:10,110,80,103,115
2012-10-23T16:21:11,110,79,103,115
2012-10-23T16:21:12,110,79,102,115
2012-10-23T16:21:13,110,79,102,115
2012-10-23T16:21:14,110,79,102,115
2012-10-23T16:21:15,115,79,101,115
2012-10-23T16:21:16,115,79,101,115
2012-10-23T16:21:17,115,78,101,115
2012-10-23T16:21:18,115,78,101,115
2012-10-23T16:21:19,115,77,101,115
2012-10-23T16:21:20,115,77,101,120
2012-10-23T16:21:21,115,77,101,120
2012-10-23T16:21:22,115,77,101,120
2012-10-23T16:21:23,115,77,101,120
2012-10-23T16:21:24,115,78,101,120
2012-10-23T16:21:25,115,78,101,120
2012-10-23T16:21:26,115,78,101,120
2012-10-23T16:21:27,115,79,101,120
2012-10-23T16:21:28,115,79,101,120
2012-10-23T16:21:29,115,79,100,120
2012-10-23T16:21:30,115,79,100,120
2012-10-23T16:21:31,120,78,100,120
2012-10-23T16:21:32,120,78,100,120
2012-10-23T16:21:33,120,78,100,120
2012-10-23T16:21:34,120,78,100,120
2012-10-23T16:21:35,120,78,100,120
2012-10-23T16:21:36,120,77,101,120
2012-10-23T16:21:37,120,77,101,120
2012-10-23T16:21:38,120,77,101,120
2012-10-23T16:21:39,120,77,101,120
2012-10-23T16:21:40,120,77,101,120
2012-10-23T16:21:41,120,78,101,120
2012-10-23T16:21:42,120,78,101,120
2012-10-23T16:21:43,120,78,101,120
2012-10-23T16:21:44,120,78,101,120
2012-10-23T16:21:45,120,78,102,120
2012-10-23T16:21:46,120,77,102,120
2012-10-23T16:21:47,120,77,102,120
2012-10-23T16:21:48,125,77,102,120
2012-10-23T16:21:49,125,77,102,120
2012-10-23T16:21:50,125,77,103,120
2012-10-23T16:21:51,125,77,103,120
2012-10-23T16:21:52,125,77,104,120
2012-10-23T16:21:53,125,78,105,120
2012-10-23T16:21:54,125,78,105,120
2012-10-23T16:21:55,125,78,106,120
2012-10-23T16:21:56,125,78,108,120
2012-10-23T16:21:57,125,78,109,120
2012-10-23T16:21:58,125,78,110,120
2012-10-23T16:21:59,125,78,110,120
2012-10-23T16:22:00,125,78,110,120
2012-10-23T16:22:01,125,78,109,120
2012-10-23T16:22:02,125,78,109,120
2012-10-23T16:22:03,125,78,109,120
2012-10-23T16:22:04,125,78,110,120
2012-10-23T16:22:05,125,78,111,120
2012-10-23T16:22:06,125,79,112,120
2012-10-23T16:22:07,125,80,112,120
2012-10-23T16:22:08,130,80,112,120
2012-10-23T16:22:09,130,80,112,120
2012-10-23T16:22:10,130,81,112,120
2012-10-23T16:22:11,130,80,112,120
2012-10-23T16:22:12,130,80,112,120
2012-10-23T16:22:13,130,80,112,120
2012-10-23T16:22:14,130,79,112,120
2012-10-23T16:22:15,130,79,112,120
2012-10-23T16:22:16,130,79,112,120
2012-10-23T16:22:17,130,79,111,120
2012-10-23T16:22:18,130,79,110,120
2012-10-23T16:22:19,130,79,109,120
2012-10-23T16:22:20,130,79,108,125
2012-10-23T16:22:21,130,79,107,125
2012-10-23T16:22:22,130,79,107,125
2012-10-23T16:22:23,130,79,107,125
2012-10-23T16:22:24,130,79,107,125
2012-10-23T16:22:25,130,78,107,125
2012-10-23T16:22:26,130,78,107,125
2012-10-23T16:22:27,130,78,107,125
2012-10-23T16:22:28,130,78,108,125
2012-10-23T16:22:29,130,79,109,125
2012-10-23T16:22:30,135,80,110,125
2012-10-23T16:22:31,135,81,111,125
2012-10-23T16:22:32,135,81,112,125
2012-10-23T16:22:33,135,82,113,125
2012-10-23T16:22:34,135,83,113,125
2012-10-23T16:22:35,135,83,113,125
2012-10-23T16:22:36,135,82,113,125
2012-10-23T16:22:37,135,82,113,125
2012-10-23T16:22:38,135,82,112,125
2012-10-23T16:22:39,135,81,112,125
2012-10-23T16:22:40,135,81,112,125
2012-10-23T16:22:41,135,82,112,125
2012-10-23T16:22:42,135,82,112,125
2012-10-23T16:22:43,135,82,111,125
2012-10-23T16:22:44,135,81,110,125
2012-10-23T16:22:45,135,81,109,125
2012-10-23T16:22:46,135,81,107,125
2012-10-23T16:22:47,140,80,105,125
2012-10-23T16:22:48,140,80,105,125
2012-10-23T16:22:49,140,80,104,125
2012-10-23T16:22:50,140,79,104,125
2012-10-23T16:22:51,140,78,104,125
2012-10-23T16:22:52,140,79,104,125
2012-10-23T16:22:53,140,79,104,125
2012-10-23T16:22:54,140,79,104,125
2012-10-23T16:22:55,140,79,105,125
2012-10-23T16:22:56,140,81,106,125
2012-10-23T16:22:57,140,81,107,125
2012-10-23T16:22:58,140,81,109,125
2012-10-23T16:22:59,140,81,110,125
2012-10-23T16:23:00,140,81,111,125
2012-10-23T16:23:01,140,81,112,125
2012-10-23T16:23:02,140,81,113,125
2012-10-23T16:23:03,145,81,114,125
2012-10-23T16:23:04,145,82,116,125
2012-10-23T16:23:05,145,82,116,125
2012-10-23T16:23:06,145,82,118,125
2012-10-23T16:23:07,145,81,119,125
2012-10-23T16:23:08,145,81,120,125
2012-10-23T16:23:09,145,80,120,125
2012-10-23T16:23:10,145,80,121,125
2012-10-23T16:23:11,145,80,121,125
2012-10-23T16:23:12,145,80,121,125
2012-10-23T16:23:13,145,80,121,125
2012-10-23T16:23:14,145,81,120,125
2012-10-23T16:23:15,145,81,119,125
2012-10-23T16:23:16,145,80,118,125
2012-10-23T16:23:17,145,80,118,125
2012-10-23T16:23:18,145,80,118,125
2012-10-23T16:23:19,145,79,118,125
2012-10-23T16:23:20,145,80,118,130
2012-10-23T16:23:21,145,80,118,130
2012-10-23T16:23:22,145,80,119,130
2012-10-23T16:23:23,145,80,121,130
2012-10-23T16:23:24,145,81,124,130
2012-10-23T16:23:25,145,81,126,130
2012-10-23T16:23:26,145,82,128,130
2012-10-23T16:23:27,145,82,129,130
2012-10-23T16:23:28,145,82,130,130
2012-10-23T16:23:29,145,81,130,130
2012-10-23T16:23:30,145,81,130,130
2012-10-23T16:23:31,145,81,130,130
2012-10-23T16:23:32,145,80,130,130
2012-10-23T16:23:33,145,80,131,130
2012-10-23T16:23:34,145,81,131,130
2012-10-23T16:23:35,145,81,131,130
2012-10-23T16:23:36,145,81,131,130
2012-10-23T16:23:37,145,82,132,130
2012-10-23T16:23:38,145,82,132,130
2012-10-23T16:23:39,145,82,132,130
2012-10-23T16:23:40,145,82,133,130
2012-10-23T16:23:41,145,81,133,130
2012-10-23T16:23:42,145,81,133,130
2012-10-23T16:23:43,145,81,133,130
2012-10-23T16:23:44,145,81,134,130
2012-10-23T16:23:45,145,81,134,130
2012-10-23T16:23:46,145,81,134,130
2012-10-23T16:23:47,145,81,134,130
2012-10-23T16:23:48,145,81,134,130
2012-10-23T16:23:49,145,81,134,130
2012-10-23T16:23:50,145,81,134,130
2012-10-23T16:23:51,145,81,135,130
2012-10-23T16:23:52,145,82,135,130
2012-10-23T16:23:53,145,82,135,130
2012-10-23T16:23:54,145,82,135,130
2012-10-23T16:23:55,145,81,135,130
2012-10-23T16:23:56,145,80,135,130
2012-10-23T16:23:57,145,79,135,130
2012-10-23T16:23:58,145,79,135,130
2012-10-23T16:23:59,145,79,135,130
2012-10-23T16:24:00,145,80,135,130
2012-10-23T16:24:01,145,80,135,130
2012-10-23T16:24:02,145,81,135,130
2012-10-23T16:24:03,145,81,135,130
2012-10-23T16:24:04,145,82,135,130
2012-10-23T16:24:05,145,82,135,130
2012-10-23T16:24:06,145,81,135,130
2012-10-23T16:24:07,145,81,135,130
2012-10-23T16:24:08,145,81,135,130
2012-10-23T16:24:09,145,80,135,130
2012-10-23T16:24:10,145,80,135,130
2012-10-23T16:24:11,145,80,135,130
2012-10-23T16:24:12,145,80,135,130
2012-10-23T16:24:13,145,81,135,130
2012-10-23T16:24:14,145,81,135,130
2012-10-23T16:24:15,145,82,135,130
2012-10-23T16:24:16,145,83,135,130
2012-10-23T16:24:17,145,83,135,130
2012-10-23T16:24:18,145,82,135,130
2012-10-23T16:24:19,145,82,135,130
2012-10-23T16:24:20,145,82,135,135
2012-10-23T16:24:21,145,82,135,135
2012-10-23T16:24:22,145,81,135,135
2012-10-23T16:24:23,145,81,135,135
2012-10-23T16:24:24,145,81,135,135
2012-10-23T16:24:25,145,81,135,135
2012-10-23T16:24:26,145,81,135,135
2012-10-23T16:24:27,145,81,135,135
2012-10-23T16:24:28,145,81,135,135
2012-10-23T16:24:29,145,81,135,135
2012-10-23T16:24:30,145,81,135,135
2012-10-23T16:24:31,145,81,135,135
2012-10-23T16:24:32,145,80,135,135
2012-10-23T16:24:33,145,80,135,135
2012-10-23T16:24:34,145,80,135,135
2012-10-23T16:24:35,145,80,135,135
2012-10-23T16:24:36,145,80,135,135
2012-10-23T16:24:37,145,80,135,135
2012-10-23T16:24:38,145,81,135,135
2012-10-23T16:24:39,145,81,135,135
2012-10-23T16:24:40,145,81,135,135
2012-10-23T16:24:41,145,82,135,135
2012-10-23T16:24:42,145,82,136,135
2012-10-23T16:24:43,145,82,136,135
2012-10-23T16:24:44,145,83,136,135
2012-10-23T16:24:45,145,83,137,135
2012-10-23T16:24:46,145,83,137,135
2012-10-23T16:24:47,145,83,137,135
2012-10-23T16:24:48,145,83,137,135
2012-10-23T16:24:49,145,83,137,135
2012-10-23T16:24:50,145,82,137,135
2012-10-23T16:24:51,145,82,137,135
2012-10-23T16:24:52,145,82,137,135
2012-10-23T16:24:53,145,82,138,135
2012-10-23T16:24:54,145,81,138,135
2012-10-23T16:24:55,145,81,138,135
2012-10-23T16:24:56,145,81,138,135
2012-10-23T16:24:57,145,80,138,135
2012-10-23T16:24:58,145,80,138,135
2012-10-23T16:24:59,145,80,138,135
2012-10-23T16:25:00,145,81,139,135
2012-10-23T16:25:01,145,81,139,135
2012-10-23T16:25:02,145,81,139,135
2012-10-23T16:25:03,145,81,139,135
2012-10-23T16:25:04,145,81,139,135
2012-10-23T16:25:05,145,81,139,135
2012-10-23T16:25:06,145,81,139,135
2012-10-23T16:25:07,145,82,139,135
2012-10-23T16:25:08,145,82,140,135
2012-10-23T16:25:09,145,82,140,135
2012-10-23T16:25:10,145,82,140,135
2012-10-23T16:25:11,145,81,140,135
2012-10-23T16:25:12,145,81,140,135
2012-10-23T16:25:13,145,81,140,135
2012-10-23T16:25:14,145,81,140,135
2012-10-23T16:25:15,145,81,140,135
2012-10-23T16:25:16,145,81,140,135
2012-10-23T16:25:17,145,81,140,135
2012-10-23T16:25:18,145,80,140,135
2012-10-23T16:25:19,145,79,140,135
2012-10-23T16:25:20,145,79,140,135
2012-10-23T16:25:21,145,79,140,135
2012-10-23T16:25:22,145,79,140,135
2012-10-23T16:25:23,145,79,140,135
2012-10-23T16:25:24,145,79,140,135
2012-10-23T16:25:25,145,79,140,135
2012-10-23T16:25:26,145,79,140,135
2012-10-23T16:25:27,145,79,140,135
2012-10-23T16:25:28,145,80,140,135
2012-10-23T16:25:29,145,80,140,135
2012-10-23T16:25:30,145,80,140,135
2012-10-23T16:25:31,145,80,140,135
2012-10-23T16:25:32,145,80,140,135
2012-10-23T16:25:33,145,80,140,135
2012-10-23T16:25:34,145,81,140,135
2012-10-23T16:25:35,145,81,140,135
2012-10-23T16:25:36,145,81,140,135
2012-10-23T16:25:37,145,81,140,135
2012-10-23T16:25:38,145,80,140,135
2012-10-23T16:25:39,145,80,140,135
2012-10-23T16:25:40,145,79,140,135
2012-10-23T16:25:41,145,79,140,135
2012-10-23T16:25:42,145,79,140,135
2012-10-23T16:25:43,145,79,140,135
2012-10-23T16:25:44,145,79,140,135
2012-10-23T16:25:45,145,79,140,135
2012-10-23T16:25:46,145,79,140,135
2012-10-23T16:25:47,145,79,140,135
2012-10-23T16:25:48,145,79,140,135
2012-10-23T16:25:49,145,79,140,135
2012-10-23T16:25:50,145,79,140,135
2012-10-23T16:25:51,145,79,140,135
2012-10-23T16:25:52,145,78,140,135
2012-10-23T16:25:53,145,78,140,135
2012-10-23T16:25:54,145,78,140,135
2012-10-23T16:25:55,145,78,140,135
2012-10-23T16:25:56,145,78,140,135
2012-10-23T16:25:57,145,79,140,135
2012-10-23T16:25:58,145,79,140,135
2012-10-23T16:25:59,145,80,140,135
2012-10-23T16:26:00,145,80,140,135
2012-10-23T16:26:01,145,80,140,135
2012-10-23T16:26:02,145,80,140,135
2012-10-23T16:26:03,145,80,140,135
2012-10-23T16:26:04,145,80,140,135
2012-10-23T16:26:05,145,80,140,135
2012-10-23T16:26:06,145,80,140,135
2012-10-23T16:26:07,145,80,140,135
2012-10-23T16:26:08,145,80,140,135
2012-10-23T16:26:09,145,80,140,135
2012-10-23T16:26:10,145,80,140,135
2012-10-23T16:26:11,145,81,141,135
2012-10-23T16:26:12,145,81,141,135
2012-10-23T16:26:13,145,81,141,135
2012-10-23T16:26:14,145,81,141,135
2012-10-23T16:26:15,145,81,141,135
2012-10-23T16:26:16,145,81,141,135
2012-10-23T16:26:17,145,81,141,135
2012-10-23T16:26:18,145,81,141,135
2012-10-23T16:26:19,145,80,141,135
2012-10-23T16:26:20,145,80,141,135
2012-10-23T16:26:21,145,80,142,135
2012-10-23T16:26:22,145,80,142,135
2012-10-23T16:26:23,145,79,142,135
2012-10-23T16:26:24,145,79,142,135
2012-10-23T16:26:25,145,79,142,135
2012-10-23T16:26:26,145,78,142,135
2012-10-23T16:26:27,145,79,142,135
2012-10-23T16:26:28,145,79,142,135
2012-10-23T16:26:29,145,80,142,135
2012-10-23T16:26:30,145,80,142,135
2012-10-23T16:26:31,145,80,142,135
2012-10-23T16:26:32,145,81,142,135
2012-10-23T16:26:33,140,81,141,135
2012-10-23T16:26:34,140,81,141,135
2012-10-23T16:26:35,140,82,141,135
2012-10-23T16:26:36,140,82,141,135
2012-10-23T16:26:37,140,81,141,135
2012-10-23T16:26:38,140,81,141,135
2012-10-23T16:26:39,140,81,141,135
2012-10-23T16:26:40,140,80,142,135
2012-10-23T16:26:41,140,80,142,135
2012-10-23T16:26:42,140,80,142,135
2012-10-23T16:26:43,140,80,142,135
2012-10-23T16:26:44,140,80,142,135
2012-10-23T16:26:45,140,80,142,135
2012-10-23T16:26:46,140,80,142,135
2012-10-23T16:26:47,140,81,142,135
2012-10-23T16:26:48,140,81,142,135
2012-10-23T16:26:49,140,82,142,135
2012-10-23T16:26:50,140,82,142,140
2012-10-23T16:26:51,140,81,142,140
2012-10-23T16:26:52,140,81,142,140
2012-10-23T16:26:53,140,80,142,140
2012-10-23T16:26:54,140,80,142,140
2012-10-23T16:26:55,140,80,142,140
2012-10-23T16:26:56,140,80,142,140
2012-10-23T16:26:57,140,80,142,140
2012-10-23T16:26:58,140,81,142,140
2012-10-23T16:26:59,140,81,142,140
2012-10-23T16:27:00,140,80,142,140
2012-10-23T16:27:01,140,80,142,140
2012-10-23T16:27:02,140,80,141,140
2012-10-23T16:27:03,140,79,141,140
2012-10-23T16:27:04,140,79,141,140
2012-10-23T16:27:05,140,79,140,140
2012-10-23T16:27:06,140,79,140,140
2012-10-23T16:27:07,140,79,140,140
2012-10-23T16:27:08,140,80,140,140
2012-10-23T16:27:09,140,80,140,140
2012-10-23T16:27:10,140,80,140,140
2012-10-23T16:27:11,140,80,140,140
2012-10-23T16:27:12,140,80,140,140
2012-10-23T16:27:13,140,80,140,140
2012-10-23T16:27:14,140,80,140,140
2012-10-23T16:27:15,140,80,140,140
2012-10-23T16:27:16,140,80,140,140
2012-10-23T16:27:17,140,80,140,140
2012-10-23T16:27:18,140,80,140,140
2012-10-23T16:27:19,140,80,140,140
2012-10-23T16:27:20,140,80,140,140
2012-10-23T16:27:21,140,80,140,140
2012-10-23T16:27:22,140,80,140,140
2012-10-23T16:27:23,140,80,140,140
2012-10-23T16:27:24,140,79,141,140
2012-10-23T16:27:25,140,79,141,140
2012-10-23T16:27:26,140,79,141,140
2012-10-23T16:27:27,140,80,141,140
2012-10-23T16:27:28,140,81,141,140
2012-10-23T16:27:29,140,82,141,140
2012-10-23T16:27:30,140,82,141,140
2012-10-23T16:27:31,140,82,141,140
2012-10-23T16:27:32,140,82,142,140
2012-10-23T16:27:33,140,81,142,140
2012-10-23T16:27:34,140,80,142,140
2012-10-23T16:27:35,140,80,142,140
2012-10-23T16:27:36,140,80,142,140
2012-10-23T16:27:37,140,80,142,140
2012-10-23T16:27:38,140,80,142,140
2012-10-23T16:27:39,140,80,142,140
2012-10-23T16:27:40,140,80,142,140
2012-10-23T16:27:41,140,80,142,140
2012-10-23T16:27:42,140,79,142,140
2012-10-23T16:27:43,140,79,142,140
2012-10-23T16:27:44,140,79,142,140
2012-10-23T16:27:45,140,79,142,140
2012-10-23T16:27:46,140,79,142,140
2012-10-23T16:27:47,140,80,142,140
2012-10-23T16:27:48,140,81,142,140
2012-10-23T16:27:49,140,81,142,140
2012-10-23T16:27:50,140,82,142,140
2012-10-23T16:27:51,140,82,142,140
2012-10-23T16:27:52,140,81,142,140
2012-10-23T16:27:53,140,81,142,140
2012-10-23T16:27:54,140,81,142,140
2012-10-23T16:27:55,140,81,142,140
2012-10-23T16:27:56,140,81,142,140
2012-10-23T16:27:57,140,81,142,140
2012-10-23T16:27:58,140,81,142,140
2012-10-23T16:27:59,140,81,142,140
2012-10-23T16:28:00,140,81,142,140
2012-10-23T16:28:01,140,82,142,140
2012-10-23T16:28:02,140,82,142,140
2012-10-23T16:28:03,140,82,142,140
2012-10-23T16:28:04,140,82,142,140
2012-10-23T16:28:05,140,82,142,140
2012-10-23T16:28:06,140,82,142,140
2012-10-23T16:28:07,140,81,142,140
2012-10-23T16:28:08,140,81,142,140
2012-10-23T16:28:09,140,80,142,140
2012-10-23T16:28:10,140,81,142,140
2012-10-23T16:28:11,140,81,142,140
2012-10-23T16:28:12,140,81,143,140
2012-10-23T16:28:13,140,82,143,140
2012-10-23T16:28:14,140,82,144,140
2012-10-23T16:28:15,140,82,144,140
2012-10-23T16:28:16,140,82,144,140
2012-10-23T16:28:17,140,81,144,140
2012-10-23T16:28:18,140,81,145,140
2012-10-23T16:28:19,140,80,145,140
2012-10-23T16:28:20,140,80,145,140
2012-10-23T16:28:21,140,80,144,140
2012-10-23T16:28:22,140,80,144,140
2012-10-23T16:28:23,140,80,144,140
2012-10-23T16:28:24,140,80,144,140
2012-10-23T16:28:25,140,81,144,140
2012-10-23T16:28:26,140,81,144,140
2012-10-23T16:28:27,140,81,144,140
2012-10-23T16:28:28,140,81,144,140
2012-10-23T16:28:29,140,80,144,140
2012-10-23T16:28:30,140,80,144,140
2012-10-23T16:28:31,140,80,144,140
2012-10-23T16:28:32,140,80,144,140
2012-10-23T16:28:33,140,80,144,140
2012-10-23T16:28:34,140,80,144,140
2012-10-23T16:28:35,140,81,144,140
2012-10-23T16:28:36,140,81,144,140
2012-10-23T16:28:37,140,81,144,140
2012-10-23T16:28:38,140,81,144,140
2012-10-23T16:28:39,140,81,144,140
2012-10-23T16:28:40,140,81,144,140
2012-10-23T16:28:41,140,81,144,140
2012-10-23T16:28:42,140,81,144,140
2012-10-23T16:28:43,140,81,144,140
2012-10-23T16:28:44,140,81,143,140
2012-10-23T16:28:45,140,81,143,140
2012-10-23T16:28:46,140,80,143,140
2012-10-23T16:28:47,140,80,143,140
2012-10-23T16:28:48,140,80,143,140
2012-10-23T16:28:49,140,80,143,140
2012-10-23T16:28:50,140,81,143,140
2012-10-23T16:28:51,140,81,143,140
2012-10-23T16:28:52,140,81,143,140
2012-10-23T16:28:53,140,80,143,140
2012-10-23T16:28:54,140,80,142,140
2012-10-23T16:28:55,140,79,142,140
2012-10-23T16:28:56,140,79,142,140
2012-10-23T16:28:57,140,79,142,140
2012-10-23T16:28:58,140,80,142,140
2012-10-23T16:28:59,140,80,142,140
2012-10-23T16:29:00,140,80,142,140
2012-10-23T16:29:01,140,80,142,140
2012-10-23T16:29:02,140,80,142,140
2012-10-23T16:29:03,140,79,142,140
2012-10-23T16:29:04,140,79,142,140
2012-10-23T16:29:05,140,79,142,140
2012-10-23T16:29:06,140,79,142,140
2012-10-23T16:29:07,140,78,142,140
2012-10-23T16:29:08,140,78,142,140
2012-10-23T16:29:09,140,77,142,140
2012-10-23T16:29:10,140,77,142,140
2012-10-23T16:29:11,140,77,142,140
2012-10-23T16:29:12,140,77,142,140
2012-10-23T16:29:13,140,78,142,140
2012-10-23T16:29:14,140,78,142,140
2012-10-23T16:29:15,140,78,142,140
2012-10-23T16:29:16,140,78,142,140
2012-10-23T16:29:17,140,79,142,140
2012-10-23T16:29:18,140,80,142,140
2012-10-23T16:29:19,140,80,142,140
2012-10-23T16:29:20,140,80,142,145
2012-10-23T16:29:21,140,80,142,145
2012-10-23T16:29:22,140,79,142,145
2012-10-23T16:29:23,140,78,142,145
2012-10-23T16:29:24,140,78,142,145
2012-10-23T16:29:25,140,78,142,145
2012-10-23T16:29:26,140,78,142,145
2012-10-23T16:29:27,140,78,142,145
2012-10-23T16:29:28,140,78,142,145
2012-10-23T16:29:29,140,78,142,145
2012-10-23T16:29:30,140,78,142,145
2012-10-23T16:29:31,140,78,142,145
2012-10-23T16:29:32,140,79,142,145
2012-10-23T16:29:33,140,79,142,145
2012-10-23T16:29:34,140,80,142,145
2012-10-23T16:29:35,140,80,142,145
2012-10-23T16:29:36,140,79,142,145
2012-10-23T16:29:37,140,79,142,145
2012-10-23T16:29:38,140,79,142,145
2012-10-23T16:29:39,140,79,142,145
2012-10-23T16:29:40,140,79,142,145
2012-10-23T16:29:41,140,79,142,145
2012-10-23T16:29:42,140,79,142,145
2012-10-23T16:29:43,140,79,142,145
2012-10-23T16:29:44,140,79,142,145
2012-10-23T16:29:45,140,79,142,145
2012-10-23T16:29:46,140,79,142,145
2012-10-23T16:29:47,140,79,142,145
2012-10-23T16:29:48,140,79,142,145
2012-10-23T16:29:49,140,79,142,145
2012-10-23T16:29:50,140,79,143,145
2012-10-23T16:29:51,140,79,143,145
2012-10-23T16:29:52,140,79,143,145
2012-10-23T16:29:53,140,79,143,145
2012-10-23T16:29:54,140,79,143,145
2012-10-23T16:29:55,140,79,143,145
2012-10-23T16:29:56,140,79,143,145
2012-10-23T16:29:57,140,79,143,145
2012-10-23T16:29:58,140,78,143,145
2012-10-23T16:29:59,140,78,143,145
2012-10-23T16:30:00,140,79,143,145
2012-10-23T16:30:01,140,79,143,145
2012-10-23T16:30:02,140,79,144,145
2012-10-23T16:30:03,140,79,144,145
2012-10-23T16:30:04,140,80,144,145
2012-10-23T16:30:05,140,79,145,145
2012-10-23T16:30:06,140,79,145,145
2012-10-23T16:30:07,140,79,146,145
2012-10-23T16:30:08,140,78,147,145
2012-10-23T16:30:09,140,78,147,145
2012-10-23T16:30:10,140,78,147,145
2012-10-23T16:30:11,140,78,148,145
2012-10-23T16:30:12,140,79,148,145
2012-10-23T16:30:13,140,80,148,145
2012-10-23T16:30:14,140,80,148,145
2012-10-23T16:30:15,140,80,148,145
2012-10-23T16:30:16,140,80,148,145
2012-10-23T16:30:17,140,80,148,145
2012-10-23T16:30:18,140,79,148,145
2012-10-23T16:30:19,140,79,148,145
2012-10-23T16:30:20,140,80,147,145
2012-10-23T16:30:21,140,80,147,145
2012-10-23T16:30:22,140,81,147,145
2012-10-23T16:30:23,140,81,147,145
2012-10-23T16:30:24,140,80,147,145
2012-10-23T16:30:25,140,81,147,145
2012-10-23T16:30:26,140,81,147,145
2012-10-23T16:30:27,140,81,147,145
2012-10-23T16:30:28,140,81,147,145
2012-10-23T16:30:29,140,82,147,145
2012-10-23T16:30:30,140,81,147,145
2012-10-23T16:30:31,140,81,147,145
2012-10-23T16:30:32,140,80,147,145
2012-10-23T16:30:33,140,80,147,145
2012-10-23T16:30:34,140,80,147,145
2012-10-23T16:30:35,140,80,147,145
2012-10-23T16:30:36,140,80,147,145
2012-10-23T16:30:37,140,80,147,145
2012-10-23T16:30:38,140,80,147,145
2012-10-23T16:30:39,140,81,147,145
2012-10-23T16:30:40,140,81,147,145
2012-10-23T16:30:41,140,81,147,145
2012-10-23T16:30:42,140,81,147,145
2012-10-23T16:30:43,140,82,146,145
2012-10-23T16:30:44,140,82,146,145
2012-10-23T16:30:45,140,81,146,145
2012-10-23T16:30:46,140,81,146,145
2012-10-23T16:30:47,140,81,145,145
2012-10-23T16:30:48,140,81,145,145
2012-10-23T16:30:49,140,80,145,145
2012-10-23T16:30:50,140,80,145,145
2012-10-23T16:30:51,140,80,144,145
2012-10-23T16:30:52,140,79,144,145
2012-10-23T16:30:53,140,79,144,145
2012-10-23T16:30:54,140,79,143,145
2012-10-23T16:30:55,140,80,143,145
2012-10-23T16:30:56,140,81,143,145
2012-10-23T16:30:57,140,81,143,145
2012-10-23T16:30:58,140,80,143,145
2012-10-23T16:30:59,140,80,143,145
2012-10-23T16:31:00,140,80,143,145
2012-10-23T16:31:01,140,79,143,145
2012-10-23T16:31:02,140,79,143,145
2012-10-23T16:31:03,140,79,144,145
2012-10-23T16:31:04,140,79,144,145
2012-10-23T16:31:05,140,79,144,145
2012-10-23T16:31:06,140,79,144,145
2012-10-23T16:31:07,140,80,144,145
2012-10-23T16:31:08,140,80,144,145
2012-10-23T16:31:09,140,80,145,145
2012-10-23T16:31:10,140,80,145,145
2012-10-23T16:31:11,140,80,145,145
2012-10-23T16:31:12,140,80,145,145
2012-10-23T16:31:13,140,80,145,145
2012-10-23T16:31:14,140,79,145,145
2012-10-23T16:31:15,140,79,145,145
2012-10-23T16:31:16,140,79,145,145
2012-10-23T16:31:17,140,80,145,145
2012-10-23T16:31:18,140,80,145,145
2012-10-23T16:31:19,140,80,145,145
2012-10-23T16:31:20,140,80,145,145
2012-10-23T16:31:21,140,80,145,145
2012-10-23T16:31:22,140,79,145,145
2012-10-23T16:31:23,140,79,145,145
2012-10-23T16:31:24,140,79,145,145
2012-10-23T16:31:25,140,80,145,145
2012-10-23T16:31:26,140,80,145,145
2012-10-23T16:31:27,140,80,145,145
2012-10-23T16:31:28,140,80,145,145
2012-10-23T16:31:29,140,80,145,145
2012-10-23T16:31:30,140,80,145,145
2012-10-23T16:31:31,140,80,145,145
2012-10-23T16:31:32,140,79,145,145
2012-10-23T16:31:33,140,79,145,145
2012-10-23T16:31:34,140,80,145,145
2012-10-23T16:31:35,140,79,145,145
2012-10-23T16:31:36,140,79,145,145
2012-10-23T16:31:37,140,79,145,145
2012-10-23T16:31:38,140,78,145,145
2012-10-23T16:31:39,140,78,145,145
2012-10-23T16:31:40,140,78,145,145
2012-10-23T16:31:41,140,78,145,145
2012-10-23T16:31:42,140,78,145,145
2012-10-23T16:31:43,140,78,145,145
2012-10-23T16:31:44,140,78,145,145
2012-10-23T16:31:45,140,78,145,145
2012-10-23T16:31:46,140,78,145,145
2012-10-23T16:31:47,140,78,145,145
2012-10-23T16:31:48,140,78,145,145
2012-10-23T16:31:49,140,79,145,145
2012-10-23T16:31:50,140,79,145,145
2012-10-23T16:31:51,140,79,145,145
2012-10-23T16:31:52,140,80,145,145
2012-10-23T16:31:53,140,80,144,145
2012-10-23T16:31:54,140,80,144,145
2012-10-23T16:31:55,140,80,144,145
2012-10-23T16:31:56,140,79,144,145
2012-10-23T16:31:57,140,79,144,145
2012-10-23T16:31:58,140,79,144,145
2012-10-23T16:31:59,140,79,144,145
2012-10-23T16:32:00,140,79,144,145
2012-10-23T16:32:01,140,79,144,145
2012-10-23T16:32:02,140,79,144,145
2012-10-23T16:32:03,140,79,144,145
2012-10-23T16:32:04,140,79,144,145
2012-10-23T16:32:05,140,78,144,145
2012-10-23T16:32:06,140,78,144,145
2012-10-23T16:32:07,140,78,144,145
2012-10-23T16:32:08,140,77,144,145
2012-10-23T16:32:09,140,77,144,145
2012-10-23T16:32:10,140,78,145,145
2012-10-23T16:32:11,140,78,145,145
2012-10-23T16:32:12,140,78,145,145
2012-10-23T16:32:13,140,78,145,145
2012-10-23T16:32:14,140,77,145,145
2012-10-23T16:32:15,140,78,145,145
2012-10-23T16:32:16,140,79,146,145
2012-10-23T16:32:17,140,78,146,145
2012-10-23T16:32:18,140,78,146,145
2012-10-23T16:32:19,140,78,146,145
2012-10-23T16:32:20,140,78,146,145
2012-10-23T16:32:21,140,77,146,145
2012-10-23T16:32:22,140,78,146,145
2012-10-23T16:32:23,140,79,146,145
2012-10-23T16:32:24,140,80,146,145
2012-10-23T16:32:25,140,80,146,145
2012-10-23T16:32:26,140,79,146,145
2012-10-23T16:32:27,140,79,146,145
2012-10-23T16:32:28,140,79,146,145
2012-10-23T16:32:29,140,79,146,145
2012-10-23T16:32:30,140,79,146,145
2012-10-23T16:32:31,140,79,146,145
2012-10-23T16:32:32,140,78,146,145
2012-10-23T16:32:33,140,78,146,145
2012-10-23T16:32:34,140,78,146,145
2012-10-23T16:32:35,140,77,146,145
2012-10-23T16:32:36,140,77,146,145
2012-10-23T16:32:37,140,77,146,145
2012-10-23T16:32:38,140,77,146,145
2012-10-23T16:32:39,140,77,146,145
2012-10-23T16:32:40,140,78,146,145
2012-10-23T16:32:41,140,78,146,145
2012-10-23T16:32:42,140,78,146,145
2012-10-23T16:32:43,140,79,146,145
2012-10-23T16:32:44,140,79,146,145
2012-10-23T16:32:45,140,79,146,145
2012-10-23T16:32:46,140,79,146,145
2012-10-23T16:32:47,140,80,146,145
2012-10-23T16:32:48,140,80,146,145
2012-10-23T16:32:49,140,80,147,145
2012-10-23T16:32:50,140,80,147,145
2012-10-23T16:32:51,140,80,147,145
2012-10-23T16:32:52,140,80,147,145
2012-10-23T16:32:53,140,80,147,145
2012-10-23T16:32:54,140,79,147,145
2012-10-23T16:32:55,140,79,147,145
2012-10-23T16:32:56,140,79,147,145
2012-10-23T16:32:57,140,78,147,145
2012-10-23T16:32:58,140,78,147,145
2012-10-23T16:32:59,140,78,147,145
2012-10-23T16:33:00,140,77,147,145
2012-10-23T16:33:01,140,77,147,145
2012-10-23T16:33:02,140,78,147,145
2012-10-23T16:33:03,140,77,147,145
2012-10-23T16:33:04,140,77,147,145
2012-10-23T16:33:05,140,76,147,145
2012-10-23T16:33:06,140,75,147,145
2012-10-23T16:33:07,140,75,147,145
2012-10-23T16:33:08,140,75,147,145
2012-10-23T16:33:09,140,76,147,145
2012-10-23T16:33:10,140,76,147,145
2012-10-23T16:33:11,140,77,147,145
2012-10-23T16:33:12,140,77,147,145
2012-10-23T16:33:13,140,78,147,145
2012-10-23T16:33:14,140,78,147,145
2012-10-23T16:33:15,140,78,147,145
2012-10-23T16:33:16,140,78,147,145
2012-10-23T16:33:17,140,79,147,145
2012-10-23T16:33:18,140,79,147,145
2012-10-23T16:33:19,140,79,147,145
2012-10-23T16:33:20,140,79,147,145
2012-10-23T16:33:21,140,79,147,145
2012-10-23T16:33:22,140,79,147,145
2012-10-23T16:33:23,140,80,147,145
2012-10-23T16:33:24,140,80,147,145
2012-10-23T16:33:25,140,80,147,145
2012-10-23T16:33:26,140,80,147,145
2012-10-23T16:33:27,140,80,147,145
2012-10-23T16:33:28,140,80,146,145
2012-10-23T16:33:29,140,80,146,145
2012-10-23T16:33:30,140,80,146,145
2012-10-23T16:33:31,140,80,146,145
2012-10-23T16:33:32,140,80,146,145
2012-10-23T16:33:33,140,79,146,145
2012-10-23T16:33:34,140,79,147,145
2012-10-23T16:33:35,140,78,147,145
2012-10-23T16:33:36,140,78,146,145
2012-10-23T16:33:37,140,78,146,145
2012-10-23T16:33:38,140,79,146,145
2012-10-23T16:33:39,140,79,146,145
2012-10-23T16:33:40,140,79,146,145
2012-10-23T16:33:41,140,79,146,145
2012-10-23T16:33:42,140,78,146,145
2012-10-23T16:33:43,140,78,146,145
2012-10-23T16:33:44,140,77,146,145
2012-10-23T16:33:45,140,77,146,145
2012-10-23T16:33:46,140,77,146,145
2012-10-23T16:33:47,140,76,146,145
2012-10-23T16:33:48,140,76,146,145
2012-10-23T16:33:49,140,76,146,145
2012-10-23T16:33:50,140,76,146,145
2012-10-23T16:33:51,140,77,146,145
2012-10-23T16:33:52,140,77,146,145
2012-10-23T16:33:53,140,78,146,145
2012-10-23T16:33:54,140,78,146,145
2012-10-23T16:33:55,140,79,146,145
2012-10-23T16:33:56,140,79,145,145
2012-10-23T16:33:57,140,80,145,145
2012-10-23T16:33:58,140,80,145,145
2012-10-23T16:33:59,140,79,145,145
2012-10-23T16:34:00,140,79,145,145
2012-10-23T16:34:01,140,79,146,145
2012-10-23T16:34:02,140,79,146,145
2012-10-23T16:34:03,140,79,146,145
2012-10-23T16:34:04,140,79,146,145
2012-10-23T16:34:05,140,78,145,145
2012-10-23T16:34:06,140,78,145,145
2012-10-23T16:34:07,140,78,145,145
2012-10-23T16:34:08,140,78,145,145
2012-10-23T16:34:09,140,78,145,145
2012-10-23T16:34:10,140,79,146,145
2012-10-23T16:34:11,140,79,146,145
2012-10-23T16:34:12,140,79,146,145
2012-10-23T16:34:13,140,79,146,145
2012-10-23T16:34:14,140,79,146,145
2012-10-23T16:34:15,140,79,146,145
2012-10-23T16:34:16,140,79,146,145
2012-10-23T16:34:17,140,79,146,145
2012-10-23T16:34:18,140,78,146,145
2012-10-23T16:34:19,140,78,146,145
2012-10-23T16:34:20,140,78,147,145
2012-10-23T16:34:21,140,78,147,145
2012-10-23T16:34:22,140,79,147,145
2012-10-23T16:34:23,140,79,148,145
2012-10-23T16:34:24,140,80,148,145
2012-10-23T16:34:25,140,80,148,145
2012-10-23T16:34:26,140,81,148,145
2012-10-23T16:34:27,140,81,149,145
2012-10-23T16:34:28,140,81,149,145
2012-10-23T16:34:29,140,81,149,145
2012-10-23T16:34:30,140,81,150,145
2012-10-23T16:34:31,140,80,150,145
2012-10-23T16:34:32,140,79,150,145
2012-10-23T16:34:33,140,79,150,145
2012-10-23T16:34:34,140,78,150,145
2012-10-23T16:34:35,140,77,150,145
2012-10-23T16:34:36,140,77,150,145
2012-10-23T16:34:37,140,77,150,145
2012-10-23T16:34:38,140,77,150,145
2012-10-23T16:34:39,140,76,150,145
2012-10-23T16:34:40,140,76,150,145
2012-10-23T16:34:41,140,76,150,145
2012-10-23T16:34:42,140,76,150,145
2012-10-23T16:34:43,140,76,150,145
2012-10-23T16:34:44,140,76,150,145
2012-10-23T16:34:45,140,76,150,145
2012-10-23T16:34:46,140,76,150,145
2012-10-23T16:34:47,140,77,150,145
2012-10-23T16:34:48,140,77,150,145
2012-10-23T16:34:49,140,77,150,145
2012-10-23T16:34:50,140,77,150,145
2012-10-23T16:34:51,140,77,150,145
2012-10-23T16:34:52,140,77,150,145
2012-10-23T16:34:53,140,77,150,145
2012-10-23T16:34:54,140,77,150,145
2012-10-23T16:34:55,140,77,150,145
2012-10-23T16:34:56,140,77,151,145
2012-10-23T16:34:57,140,77,151,145
2012-10-23T16:34:58,140,78,151,145
2012-10-23T16:34:59,140,78,151,145
2012-10-23T16:35:00,140,78,151,145
2012-10-23T16:35:01,140,78,151,145
2012-10-23T16:35:02,140,77,151,145
2012-10-23T16:35:03,140,77,150,145
2012-10-23T16:35:04,140,77,150,145
2012-10-23T16:35:05,140,77,150,145
2012-10-23T16:35:06,140,77,150,145
2012-10-23T16:35:07,140,77,150,145
2012-10-23T16:35:08,140,78,151,145
2012-10-23T16:35:09,140,78,151,145
2012-10-23T16:35:10,140,78,151,145
2012-10-23T16:35:11,140,78,150,145
2012-10-23T16:35:12,140,79,150,145
2012-10-23T16:35:13,140,79,150,145
2012-10-23T16:35:14,140,79,150,145
2012-10-23T16:35:15,140,79,150,145
2012-10-23T16:35:16,140,79,150,145
2012-10-23T16:35:17,140,78,150,145
2012-10-23T16:35:18,140,78,150,145
2012-10-23T16:35:19,140,78,150,145
2012-10-23T16:35:20,140,78,150,145
2012-10-23T16:35:21,140,78,150,145
2012-10-23T16:35:22,140,78,150,145
2012-10-23T16:35:23,140,78,150,145
2012-10-23T16:35:24,140,78,150,145
2012-10-23T16:35:25,140,77,150,145
2012-10-23T16:35:26,140,76,150,145
2012-10-23T16:35:27,140,76,150,145
2012-10-23T16:35:28,140,75,150,145
2012-10-23T16:35:29,140,75,150,145
2012-10-23T16:35:30,140,76,150,145
2012-10-23T16:35:31,140,77,150,145
2012-10-23T16:35:32,140,78,150,145
2012-10-23T16:35:33,140,78,150,145
2012-10-23T16:35:34,140,77,150,145
2012-10-23T16:35:35,140,77,150,145
2012-10-23T16:35:36,140,76,150,145
2012-10-23T16:35:37,140,76,150,145
2012-10-23T16:35:38,140,76,150,145
2012-10-23T16:35:39,140,76,150,145
2012-10-23T16:35:40,140,77,150,145
2012-10-23T16:35:41,140,77,150,145
2012-10-23T16:35:42,140,78,150,145
2012-10-23T16:35:43,140,78,150,145
2012-10-23T16:35:44,140,77,150,145
2012-10-23T16:35:45,140,77,150,145
2012-10-23T16:35:46,140,77,150,145
2012-10-23T16:35:47,140,77,150,145
2012-10-23T16:35:48,140,77,150,145
2012-10-23T16:35:49,140,77,150,145
2012-10-23T16:35:50,140,77,150,145
2012-10-23T16:35:51,140,77,150,145
2012-10-23T16:35:52,140,77,150,145
2012-10-23T16:35:53,140,76,150,145
2012-10-23T16:35:54,140,76,150,145
2012-10-23T16:35:55,140,75,150,145
2012-10-23T16:35:56,140,75,150,145
2012-10-23T16:35:57,140,74,150,145
2012-10-23T16:35:58,140,74,150,145
2012-10-23T16:35:59,140,74,150,145
2012-10-23T16:36:00,140,74,150,145
2012-10-23T16:36:01,140,75,150,145
2012-10-23T16:36:02,140,76,150,145
2012-10-23T16:36:03,140,76,150,145
2012-10-23T16:36:04,140,76,150,145
2012-10-23T16:36:05,140,77,150,145
2012-10-23T16:36:06,140,76,150,145
2012-10-23T16:36:07,140,76,150,145
2012-10-23T16:36:08,140,76,150,145
2012-10-23T16:36:09,140,76,150,145
2012-10-23T16:36:10,140,76,150,145
2012-10-23T16:36:11,140,76,150,145
2012-10-23T16:36:12,140,76,150,145
2012-10-23T16:36:13,140,77,150,145
2012-10-23T16:36:14,140,77,150,145
2012-10-23T16:36:15,140,77,150,145
2012-10-23T16:36:16,140,77,150,145
2012-10-23T16:36:17,140,77,150,145
2012-10-23T16:36:18,140,77,150,145
2012-10-23T16:36:19,140,77,150,145
2012-10-23T16:36:20,140,77,150,145
2012-10-23T16:36:21,140,78,150,145
2012-10-23T16:36:22,140,78,150,145
2012-10-23T16:36:23,140,78,150,145
2012-10-23T16:36:24,140,78,150,145
2012-10-23T16:36:25,140,78,150,145
2012-10-23T16:36:26,140,78,150,145
2012-10-23T16:36:27,140,77,150,145
2012-10-23T16:36:28,140,76,150,145
2012-10-23T16:36:29,140,76,150,145
2012-10-23T16:36:30,140,76,150,145
2012-10-23T16:36:31,140,76,150,145
2012-10-23T16:36:32,140,76,150,145
2012-10-23T16:36:33,140,77,150,145
2012-10-23T16:36:34,140,78,150,145
2012-10-23T16:36:35,140,78,150,145
2012-10-23T16:36:36,140,78,150,145
2012-10-23T16:36:37,140,78,150,145
2012-10-23T16:36:38,140,77,150,145
2012-10-23T16:36:39,140,77,150,145
2012-10-23T16:36:40,140,76,150,145
2012-10-23T16:36:41,140,76,150,145
2012-10-23T16:36:42,140,77,150,145
2012-10-23T16:36:43,140,78,150,145
2012-10-23T16:36:44,140,79,150,145
2012-10-23T16:36:45,140,79,150,145
2012-10-23T16:36:46,140,78,150,145
2012-10-23T16:36:47,140,78,150,145
2012-10-23T16:36:48,140,78,150,145
2012-10-23T16:36:49,140,77,150,145
2012-10-23T16:36:50,140,77,150,145
2012-10-23T16:36:51,140,77,150,145
2012-10-23T16:36:52,140,77,150,145
2012-10-23T16:36:53,140,77,150,145
2012-10-23T16:36:54,140,78,150,145
2012-10-23T16:36:55,140,79,150,145
2012-10-23T16:36:56,140,80,150,145
2012-10-23T16:36:57,140,80,150,145
2012-10-23T16:36:58,140,80,150,145
2012-10-23T16:36:59,140,80,150,145
2012-10-23T16:37:00,140,79,150,145
2012-10-23T16:37:01,140,78,150,145
2012-10-23T16:37:02,140,78,150,145
2012-10-23T16:37:03,140,78,150,145
2012-10-23T16:37:04,140,78,150,145
2012-10-23T16:37:05,140,78,150,145
2012-10-23T16:37:06,140,78,150,145
2012-10-23T16:37:07,140,78,150,145
2012-10-23T16:37:08,140,78,150,145
2012-10-23T16:37:09,140,78,150,145
2012-10-23T16:37:10,140,77,149,145
2012-10-23T16:37:11,140,78,149,145
2012-10-23T16:37:12,140,78,149,145
2012-10-23T16:37:13,140,79,149,145
2012-10-23T16:37:14,140,79,148,145
2012-10-23T16:37:15,140,79,148,145
2012-10-23T16:37:16,140,78,148,145
2012-10-23T16:37:17,140,78,148,145
2012-10-23T16:37:18,140,78,148,145
2012-10-23T16:37:19,140,78,148,145
2012-10-23T16:37:20,140,78,148,145
2012-10-23T16:37:21,140,78,148,145
2012-10-23T16:37:22,140,78,148,145
2012-10-23T16:37:23,140,78,148,145
2012-10-23T16:37:24,140,78,148,145
2012-10-23T16:37:25,140,79,148,145
2012-10-23T16:37:26,140,79,148,145
2012-10-23T16:37:27,140,79,148,145
2012-10-23T16:37:28,140,80,148,145
2012-10-23T16:37:29,140,80,148,145
2012-10-23T16:37:30,140,80,148,145
2012-10-23T16:37:31,140,79,148,145
2012-10-23T16:37:32,140,79,148,145
2012-10-23T16:37:33,140,79,148,145
2012-10-23T16:37:34,140,78,148,145
2012-10-23T16:37:35,140,78,148,145
2012-10-23T16:37:36,140,78,148,145
2012-10-23T16:37:37,140,77,148,145
2012-10-23T16:37:38,140,77,148,145
2012-10-23T16:37:39,140,78,148,145
2012-10-23T16:37:40,140,78,149,145
2012-10-23T16:37:41,140,78,149,145
2012-10-23T16:37:42,140,79,150,145
2012-10-23T16:37:43,140,79,150,145
2012-10-23T16:37:44,140,79,150,145
2012-10-23T16:37:45,140,79,151,145
2012-10-23T16:37:46,140,78,151,145
2012-10-23T16:37:47,140,79,151,145
2012-10-23T16:37:48,140,79,151,145
2012-10-23T16:37:49,140,79,151,145
2012-10-23T16:37:50,140,78,151,145
2012-10-23T16:37:51,140,77,152,145
2012-10-23T16:37:52,140,76,152,145
2012-10-23T16:37:53,140,76,152,145
2012-10-23T16:37:54,140,77,152,145
2012-10-23T16:37:55,140,78,152,145
2012-10-23T16:37:56,140,79,152,145
2012-10-23T16:37:57,140,79,153,145
2012-10-23T16:37:58,140,78,153,145
2012-10-23T16:37:59,140,77,153,145
2012-10-23T16:38:00,140,76,153,145
2012-10-23T16:38:01,140,76,153,145
2012-10-23T16:38:02,140,77,153,145
2012-10-23T16:38:03,140,77,153,145
2012-10-23T16:38:04,140,77,153,145
2012-10-23T16:38:05,140,77,153,145
2012-10-23T16:38:06,140,77,153,145
2012-10-23T16:38:07,135,77,153,145
2012-10-23T16:38:08,135,78,153,145
2012-10-23T16:38:09,135,78,153,145
2012-10-23T16:38:10,135,78,153,145
2012-10-23T16:38:11,135,78,153,145
2012-10-23T16:38:12,135,78,153,145
2012-10-23T16:38:13,135,78,153,145
2012-10-23T16:38:14,135,77,153,145
2012-10-23T16:38:15,135,77,153,145
2012-10-23T16:38:16,135,76,153,145
2012-10-23T16:38:17,135,76,153,145
2012-10-23T16:38:18,135,76,153,145
2012-10-23T16:38:19,135,77,153,145
2012-10-23T16:38:20,135,77,153,145
2012-10-23T16:38:21,135,77,153,145
2012-10-23T16:38:22,135,77,153,145
2012-10-23T16:38:23,135,78,153,145
2012-10-23T16:38:24,135,78,153,145
2012-10-23T16:38:25,135,78,153,145
2012-10-23T16:38:26,135,77,153,145
2012-10-23T16:38:27,135,77,153,145
2012-10-23T16:38:28,135,77,153,145
2012-10-23T16:38:29,135,77,153,145
2012-10-23T16:38:30,135,77,153,145
2012-10-23T16:38:31,135,77,153,145
2012-10-23T16:38:32,135,78,153,145
2012-10-23T16:38:33,135,78,153,145
2012-10-23T16:38:34,135,78,153,145
2012-10-23T16:38:35,135,78,153,145
2012-10-23T16:38:36,135,78,153,145
2012-10-23T16:38:37,135,78,153,145
2012-10-23T16:38:38,135,78,153,145
2012-10-23T16:38:39,135,77,153,145
2012-10-23T16:38:40,130,77,153,145
2012-10-23T16:38:41,130,77,152,145
2012-10-23T16:38:42,130,77,152,145
2012-10-23T16:38:43,130,77,152,145
2012-10-23T16:38:44,130,78,152,145
2012-10-23T16:38:45,130,78,152,145
2012-10-23T16:38:46,130,79,152,145
2012-10-23T16:38:47,130,79,152,145
2012-10-23T16:38:48,130,80,152,145
2012-10-23T16:38:49,130,80,152,145
2012-10-23T16:38:50,130,79,152,145
2012-10-23T16:38:51,130,79,152,145
2012-10-23T16:38:52,130,79,152,145
2012-10-23T16:38:53,130,79,152,145
2012-10-23T16:38:54,130,78,152,145
2012-10-23T16:38:55,130,78,153,145
2012-10-23T16:38:56,130,78,153,145
2012-10-23T16:38:57,130,77,153,145
2012-10-23T16:38:58,130,77,153,145
2012-10-23T16:38:59,130,77,153,145
2012-10-23T16:39:00,130,77,153,145
2012-10-23T16:39:01,130,78,153,145
2012-10-23T16:39:02,130,79,153,145
2012-10-23T16:39:03,130,79,153,145
2012-10-23T16:39:04,130,79,153,145
2012-10-23T16:39:05,130,79,153,145
2012-10-23T16:39:06,130,78,153,145
2012-10-23T16:39:07,130,78,153,145
2012-10-23T16:39:08,130,77,153,145
2012-10-23T16:39:09,130,78,153,145
2012-10-23T16:39:10,130,78,153,145
2012-10-23T16:39:11,130,79,153,145
2012-10-23T16:39:12,130,79,153,145
2012-10-23T16:39:13,125,80,153,145
2012-10-23T16:39:14,125,80,153,145
2012-10-23T16:39:15,125,79,153,145
2012-10-23T16:39:16,125,78,153,145
2012-10-23T16:39:17,125,78,152,145
2012-10-23T16:39:18,125,78,152,145
2012-10-23T16:39:19,125,78,152,145
2012-10-23T16:39:20,125,79,152,145
2012-10-23T16:39:21,125,79,152,145
2012-10-23T16:39:22,125,80,152,145
2012-10-23T16:39:23,125,79,152,145
2012-10-23T16:39:24,125,79,152,145
2012-10-23T16:39:25,125,79,152,145
2012-10-23T16:39:26,125,79,152,145
2012-10-23T16:39:27,125,79,152,145
2012-10-23T16:39:28,125,79,151,145
2012-10-23T16:39:29,125,80,151,145
2012-10-23T16:39:30,125,80,151,145
2012-10-23T16:39:31,125,80,151,145
2012-10-23T16:39:32,125,80,151,145
2012-10-23T16:39:33,125,79,150,145
2012-10-23T16:39:34,125,79,150,145
2012-10-23T16:39:35,125,79,149,145
2012-10-23T16:39:36,125,78,149,145
2012-10-23T16:39:37,125,78,148,145
2012-10-23T16:39:38,125,79,148,145
2012-10-23T16:39:39,125,78,148,145
2012-10-23T16:39:40,125,78,148,145
2012-10-23T16:39:41,125,78,148,145
2012-10-23T16:39:42,125,78,148,145
2012-10-23T16:39:43,125,78,148,145
2012-10-23T16:39:44,125,78,147,145
2012-10-23T16:39:45,125,78,147,145
2012-10-23T16:39:46,125,79,147,145
2012-10-23T16:39:47,125,79,147,145
2012-10-23T16:39:48,125,79,147,145
2012-10-23T16:39:49,125,79,147,145
2012-10-23T16:39:50,125,79,147,145
2012-10-23T16:39:51,125,79,147,145
2012-10-23T16:39:52,125,79,147,145
2012-10-23T16:39:53,125,79,147,145
2012-10-23T16:39:54,125,78,147,145
2012-10-23T16:39:55,125,78,147,145
2012-10-23T16:39:56,125,78,147,145
2012-10-23T16:39:57,125,78,147,145
2012-10-23T16:39:58,125,78,147,145
2012-10-23T16:39:59,125,79,146,145
2012-10-23T16:40:00,125,79,146,145
2012-10-23T16:40:01,125,79,146,145
2012-10-23T16:40:02,125,79,146,145
2012-10-23T16:40:03,125,78,146,145
2012-10-23T16:40:04,125,79,146,145
2012-10-23T16:40:05,125,79,146,145
2012-10-23T16:40:06,125,79,146,145
2012-10-23T16:40:07,125,79,146,145
2012-10-23T16:40:08,125,79,146,145
2012-10-23T16:40:09,125,79,146,145
2012-10-23T16:40:10,125,79,146,145
2012-10-23T16:40:11,125,79,146,145
2012-10-23T16:40:12,125,78,146,145
2012-10-23T16:40:13,125,78,146,145
2012-10-23T16:40:14,125,78,146,145
2012-10-23T16:40:15,125,77,146,145
2012-10-23T16:40:16,125,76,146,145
2012-10-23T16:40:17,125,76,147,145
2012-10-23T16:40:18,125,76,147,145
2012-10-23T16:40:19,125,76,147,145
2012-10-23T16:40:20,125,75,147,145
2012-10-23T16:40:21,125,75,147,145
2012-10-23T16:40:22,125,76,147,145
2012-10-23T16:40:23,125,78,147,145
2012-10-23T16:40:24,125,78,147,145
2012-10-23T16:40:25,125,79,147,145
2012-10-23T16:40:26,125,79,148,145
2012-10-23T16:40:27,125,79,148,145
2012-10-23T16:40:28,125,78,148,145
2012-10-23T16:40:29,125,78,148,145
2012-10-23T16:40:30,125,78,148,145
2012-10-23T16:40:31,125,78,148,145
2012-10-23T16:40:32,125,77,148,145
2012-10-23T16:40:33,125,77,148,145
2012-10-23T16:40:34,125,77,148,145
2012-10-23T16:40:35,125,77,148,145
2012-10-23T16:40:36,125,77,148,145
2012-10-23T16:40:37,125,77,147,145
2012-10-23T16:40:38,125,77,147,145
2012-10-23T16:40:39,125,77,147,145
2012-10-23T16:40:40,125,77,147,145
2012-10-23T16:40:41,125,76,147,145
2012-10-23T16:40:42,125,76,146,145
2012-10-23T16:40:43,125,77,146,145
2012-10-23T16:40:44,125,77,146,145
2012-10-23T16:40:45,125,78,146,145
2012-10-23T16:40:46,125,79,145,145
2012-10-23T16:40:47,125,79,145,145
2012-10-23T16:40:48,125,79,145,145
2012-10-23T16:40:49,125,78,145,145
2012-10-23T16:40:50,125,78,145,145
2012-10-23T16:40:51,125,78,145,145
2012-10-23T16:40:52,125,78,145,145
2012-10-23T16:40:53,125,79,145,145
2012-10-23T16:40:54,125,80,145,145
2012-10-23T16:40:55,125,81,145,145
2012-10-23T16:40:56,125,80,145,145
2012-10-23T16:40:57,125,79,145,145
2012-10-23T16:40:58,125,78,145,145
2012-10-23T16:40:59,125,78,145,145
2012-10-23T16:41:00,125,78,145,145
2012-10-23T16:41:01,125,79,145,145
2012-10-23T16:41:02,125,80,145,145
2012-10-23T16:41:03,125,80,145,145
2012-10-23T16:41:04,125,80,145,145
2012-10-23T16:41:05,125,80,145,145
2012-10-23T16:41:06,125,80,145,145
2012-10-23T16:41:07,125,79,145,145
2012-10-23T16:41:08,125,80,145,145
2012-10-23T16:41:09,125,80,145,145
2012-10-23T16:41:10,125,79,145,145
2012-10-23T16:41:11,125,79,145,145
2012-10-23T16:41:12,125,79,145,145
2012-10-23T16:41:13,125,78,145,145
2012-10-23T16:41:14,125,77,145,145
2012-10-23T16:41:15,125,78,145,145
2012-10-23T16:41:16,125,78,145,145
2012-10-23T16:41:17,125,79,145,145
2012-10-23T16:41:18,125,79,145,145
2012-10-23T16:41:19,125,79,145,145
2012-10-23T16:41:20,125,80,145,145
2012-10-23T16:41:21,125,80,145,145
2012-10-23T16:41:22,125,80,145,145
2012-10-23T16:41:23,125,80,144,145
2012-10-23T16:41:24,125,80,144,145
2012-10-23T16:41:25,125,79,144,145
2012-10-23T16:41:26,125,79,144,145
2012-10-23T16:41:27,125,79,144,145
2012-10-23T16:41:28,125,78,144,145
2012-10-23T16:41:29,125,79,144,145
2012-10-23T16:41:30,125,79,144,145
2012-10-23T16:41:31,125,79,144,145
2012-10-23T16:41:32,125,79,144,145
2012-10-23T16:41:33,125,78,144,145
2012-10-23T16:41:34,125,78,144,145
2012-10-23T16:41:35,125,78,144,145
2012-10-23T16:41:36,125,78,145,145
2012-10-23T16:41:37,125,78,144,145
2012-10-23T16:41:38,125,79,144,145
2012-10-23T16:41:39,125,79,144,145
2012-10-23T16:41:40,125,79,144,145
2012-10-23T16:41:41,125,79,144,145
2012-10-23T16:41:42,125,78,144,145
2012-10-23T16:41:43,125,78,144,145
2012-10-23T16:41:44,125,77,144,145
2012-10-23T16:41:45,125,78,144,145
2012-10-23T16:41:46,125,78,144,145
2012-10-23T16:41:47,125,78,144,145
2012-10-23T16:41:48,125,78,144,145
2012-10-23T16:41:49,125,78,144,145
2012-10-23T16:41:50,125,78,144,145
2012-10-23T16:41:51,125,79,144,145
2012-10-23T16:41:52,125,79,144,145
2012-10-23T16:41:53,125,79,144,145
2012-10-23T16:41:54,125,79,144,145
2012-10-23T16:41:55,125,78,144,145
2012-10-23T16:41:56,125,78,144,145
2012-10-23T16:41:57,125,78,144,145
2012-10-23T16:41:58,125,77,144,145
2012-10-23T16:41:59,125,78,144,145
2012-10-23T16:42:00,125,78,144,145
2012-10-23T16:42:01,125,78,144,145
2012-10-23T16:42:02,125,79,144,145
2012-10-23T16:42:03,125,79,144,145
2012-10-23T16:42:04,125,78,144,145
2012-10-23T16:42:05,125,77,144,145
2012-10-23T16:42:06,125,77,144,145
2012-10-23T16:42:07,125,77,144,145
2012-10-23T16:42:08,125,77,144,145
2012-10-23T16:42:09,125,77,144,145
2012-10-23T16:42:10,125,78,144,145
2012-10-23T16:42:11,125,78,144,145
2012-10-23T16:42:12,125,79,144,145
2012-10-23T16:42:13,125,79,144,145
2012-10-23T16:42:14,125,80,144,145
2012-10-23T16:42:15,125,80,144,145
2012-10-23T16:42:16,125,81,144,145
2012-10-23T16:42:17,125,81,144,145
2012-10-23T16:42:18,125,80,144,145
2012-10-23T16:42:19,125,80,144,145
2012-10-23T16:42:20,125,80,144,145
2012-10-23T16:42:21,125,80,143,145
2012-10-23T16:42:22,125,80,143,145
2012-10-23T16:42:23,125,80,143,145
2012-10-23T16:42:24,125,80,143,145
2012-10-23T16:42:25,125,80,143,145
2012-10-23T16:42:26,125,80,143,145
2012-10-23T16:42:27,125,80,142,145
2012-10-23T16:42:28,125,79,142,145
2012-10-23T16:42:29,125,79,142,145
2012-10-23T16:42:30,125,79,142,145
2012-10-23T16:42:31,125,79,142,145
2012-10-23T16:42:32,125,79,142,145
2012-10-23T16:42:33,125,79,142,145
2012-10-23T16:42:34,125,79,142,145
2012-10-23T16:42:35,125,80,142,145
2012-10-23T16:42:36,125,80,142,145
2012-10-23T16:42:37,125,80,142,145
2012-10-23T16:42:38,125,80,142,145
2012-10-23T16:42:39,125,79,142,145
2012-10-23T16:42:40,125,79,142,145
2012-10-23T16:42:41,125,78,143,145
2012-10-23T16:42:42,125,78,143,145
2012-10-23T16:42:43,125,78,143,145
2012-10-23T16:42:44,125,78,143,145
2012-10-23T16:42:45,125,78,144,145
2012-10-23T16:42:46,125,79,144,145
2012-10-23T16:42:47,125,79,145,145
2012-10-23T16:42:48,125,79,145,145
2012-10-23T16:42:49,125,79,145,145
2012-10-23T16:42:50,125,79,145,145
2012-10-23T16:42:51,125,78,146,145
2012-10-23T16:42:52,125,77,146,145
2012-10-23T16:42:53,125,76,146,145
2012-10-23T16:42:54,125,76,146,145
2012-10-23T16:42:55,125,75,146,145
2012-10-23T16:42:56,125,75,147,145
2012-10-23T16:42:57,125,76,147,145
2012-10-23T16:42:58,125,77,147,145
2012-10-23T16:42:59,125,78,147,145
2012-10-23T16:43:00,125,78,147,145
2012-10-23T16:43:01,125,77,147,145
2012-10-23T16:43:02,125,77,147,145
2012-10-23T16:43:03,125,77,147,145
2012-10-23T16:43:04,125,76,147,145
2012-10-23T16:43:05,125,75,147,145
2012-10-23T16:43:06,125,75,147,145
2012-10-23T16:43:07,125,74,147,145
2012-10-23T16:43:08,125,73,147,145
2012-10-23T16:43:09,125,73,147,145
2012-10-23T16:43:10,125,73,147,145
2012-10-23T16:43:11,125,74,147,145
2012-10-23T16:43:12,125,75,147,145
2012-10-23T16:43:13,125,76,147,145
2012-10-23T16:43:14,125,77,147,145
2012-10-23T16:43:15,125,78,147,145
2012-10-23T16:43:16,125,78,147,145
2012-10-23T16:43:17,125,78,148,145
2012-10-23T16:43:18,125,79,148,145
2012-10-23T16:43:19,125,79,148,145
2012-10-23T16:43:20,125,79,148,145
2012-10-23T16:43:21,125,79,148,145
2012-10-23T16:43:22,125,79,148,145
2012-10-23T16:43:23,125,78,148,145
2012-10-23T16:43:24,125,77,148,145
2012-10-23T16:43:25,125,77,148,145
2012-10-23T16:43:26,125,77,148,145
2012-10-23T16:43:27,125,77,148,145
2012-10-23T16:43:28,125,77,148,145
2012-10-23T16:43:29,125,77,147,145
2012-10-23T16:43:30,125,77,147,145
2012-10-23T16:43:31,125,77,147,145
2012-10-23T16:43:32,125,77,147,145
2012-10-23T16:43:33,125,77,147,145
2012-10-23T16:43:34,125,77,147,145
2012-10-23T16:43:35,125,78,147,145
2012-10-23T16:43:36,125,77,147,145
2012-10-23T16:43:37,125,77,147,145
2012-10-23T16:43:38,125,77,147,145
2012-10-23T16:43:39,125,77,147,145
2012-10-23T16:43:40,125,77,146,145
2012-10-23T16:43:41,125,78,146,145
2012-10-23T16:43:42,125,78,146,145
2012-10-23T16:43:43,125,78,145,145
2012-10-23T16:43:44,125,79,145,145
2012-10-23T16:43:45,125,78,145,145
2012-10-23T16:43:46,125,78,145,145
2012-10-23T16:43:47,125,77,145,145
2012-10-23T16:43:48,125,78,145,145
2012-10-23T16:43:49,125,78,145,145
2012-10-23T16:43:50,125,78,145,145
2012-10-23T16:43:51,125,79,145,145
2012-10-23T16:43:52,125,79,145,145
2012-10-23T16:43:53,125,79,145,145
2012-10-23T16:43:54,125,79,145,145
2012-10-23T16:43:55,125,79,145,145
2012-10-23T16:43:56,125,79,145,145
2012-10-23T16:43:57,125,79,145,145
2012-10-23T16:43:58,125,78,145,145
2012-10-23T16:43:59,125,78,145,145
2012-10-23T16:44:00,125,77,145,145
2012-10-23T16:44:01,125,77,146,145
2012-10-23T16:44:02,125,76,146,145
2012-10-23T16:44:03,125,77,146,145
2012-10-23T16:44:04,125,77,146,145
2012-10-23T16:44:05,125,78,146,145
2012-10-23T16:44:06,125,79,146,145
2012-10-23T16:44:07,125,79,146,145
2012-10-23T16:44:08,125,79,146,145
2012-10-23T16:44:09,125,78,146,145
2012-10-23T16:44:10,125,78,146,145
2012-10-23T16:44:11,125,78,146,145
2012-10-23T16:44:12,125,78,146,145
2012-10-23T16:44:13,125,78,146,145
2012-10-23T16:44:14,125,78,146,145
2012-10-23T16:44:15,125,79,146,145
2012-10-23T16:44:16,125,78,146,145
2012-10-23T16:44:17,125,78,146,145
2012-10-23T16:44:18,125,78,146,145
2012-10-23T16:44:19,125,77,145,145
2012-10-23T16:44:20,125,77,145,145
2012-10-23T16:44:21,125,77,145,145
2012-10-23T16:44:22,125,78,145,145
2012-10-23T16:44:23,125,79,145,145
2012-10-23T16:44:24,125,80,146,145
2012-10-23T16:44:25,125,81,146,145
2012-10-23T16:44:26,125,81,145,145
2012-10-23T16:44:27,125,81,145,145
2012-10-23T16:44:28,125,80,145,145
2012-10-23T16:44:29,125,80,145,145
2012-10-23T16:44:30,125,79,145,145
2012-10-23T16:44:31,125,79,145,145
2012-10-23T16:44:32,125,79,145,145
2012-10-23T16:44:33,125,79,145,145
2012-10-23T16:44:34,125,79,145,145
2012-10-23T16:44:35,125,79,145,145
2012-10-23T16:44:36,125,78,145,145
2012-10-23T16:44:37,125,78,145,145
2012-10-23T16:44:38,125,78,145,145
2012-10-23T16:44:39,125,78,145,145
2012-10-23T16:44:40,125,78,145,145
2012-10-23T16:44:41,125,79,145,145
2012-10-23T16:44:42,125,79,145,145
2012-10-23T16:44:43,125,79,145,145
2012-10-23T16:44:44,125,79,145,145
2012-10-23T16:44:45,125,78,145,145
2012-10-23T16:44:46,125,78,145,145
2012-10-23T16:44:47,125,78,144,145
2012-10-23T16:44:48,125,78,144,145
2012-10-23T16:44:49,125,77,144,145
2012-10-23T16:44:50,125,77,144,145
2012-10-23T16:44:51,125,78,143,145
2012-10-23T16:44:52,125,78,143,145
2012-10-23T16:44:53,125,78,142,145
2012-10-23T16:44:54,125,79,142,145
2012-10-23T16:44:55,125,79,142,145
2012-10-23T16:44:56,125,79,142,145
2012-10-23T16:44:57,125,79,142,145
2012-10-23T16:44:58,125,78,142,145
2012-10-23T16:44:59,125,78,143,145
2012-10-23T16:45:00,125,78,143,145
2012-10-23T16:45:01,125,79,143,145
2012-10-23T16:45:02,125,79,143,145
2012-10-23T16:45:03,125,80,143,145
2012-10-23T16:45:04,125,80,143,145
2012-10-23T16:45:05,130,80,143,145
2012-10-23T16:45:06,130,80,143,145
2012-10-23T16:45:07,130,79,143,145
2012-10-23T16:45:08,130,79,143,145
2012-10-23T16:45:09,130,79,143,145
2012-10-23T16:45:10,130,79,143,145
2012-10-23T16:45:11,130,80,143,145
2012-10-23T16:45:12,130,80,144,145
2012-10-23T16:45:13,130,80,144,145
2012-10-23T16:45:14,130,80,144,145
2012-10-23T16:45:15,130,79,144,145
2012-10-23T16:45:16,130,79,144,145
2012-10-23T16:45:17,130,79,144,145
2012-10-23T16:45:18,130,79,144,145
2012-10-23T16:45:19,130,80,144,145
2012-10-23T16:45:20,130,80,144,145
2012-10-23T16:45:21,130,80,144,145
2012-10-23T16:45:22,130,79,145,145
2012-10-23T16:45:23,130,79,145,145
2012-10-23T16:45:24,130,79,145,145
2012-10-23T16:45:25,130,79,145,145
2012-10-23T16:45:26,130,79,145,145
2012-10-23T16:45:27,130,78,145,145
2012-10-23T16:45:28,130,78,145,145
2012-10-23T16:45:29,130,78,145,145
2012-10-23T16:45:30,130,78,145,145
2012-10-23T16:45:31,130,79,144,145
2012-10-23T16:45:32,130,79,144,145
2012-10-23T16:45:33,130,80,144,145
2012-10-23T16:45:34,130,81,144,145
2012-10-23T16:45:35,130,81,144,145
2012-10-23T16:45:36,130,81,144,145
2012-10-23T16:45:37,130,81,144,145
2012-10-23T16:45:38,130,81,144,145
2012-10-23T16:45:39,130,81,144,145
2012-10-23T16:45:40,130,81,144,145
2012-10-23T16:45:41,130,80,144,145
2012-10-23T16:45:42,130,80,144,145
2012-10-23T16:45:43,130,79,144,145
2012-10-23T16:45:44,130,79,144,145
2012-10-23T16:45:45,130,79,144,145
2012-10-23T16:45:46,130,79,144,145
2012-10-23T16:45:47,130,79,144,145
2012-10-23T16:45:48,130,79,144,145
2012-10-23T16:45:49,130,79,144,145
2012-10-23T16:45:50,130,79,144,145
2012-10-23T16:45:51,130,79,144,145
2012-10-23T16:45:52,130,79,144,145
2012-10-23T16:45:53,130,79,144,145
2012-10-23T16:45:54,130,79,144,145
2012-10-23T16:45:55,130,79,144,145
2012-10-23T16:45:56,130,79,144,145
2012-10-23T16:45:57,130,79,145,145
2012-10-23T16:45:58,130,79,145,145
2012-10-23T16:45:59,130,78,145,145
2012-10-23T16:46:00,130,78,145,145
2012-10-23T16:46:01,130,78,145,145
2012-10-23T16:46:02,130,78,145,145
2012-10-23T16:46:03,130,79,145,145
2012-10-23T16:46:04,130,79,145,145
2012-10-23T16:46:05,130,79,145,145
2012-10-23T16:46:06,130,80,145,145
2012-10-23T16:46:07,130,80,145,145
2012-10-23T16:46:08,130,80,145,145
2012-10-23T16:46:09,130,79,145,145
2012-10-23T16:46:10,130,79,145,145
2012-10-23T16:46:11,130,78,145,145
2012-10-23T16:46:12,130,78,145,145
2012-10-23T16:46:13,130,78,145,145
2012-10-23T16:46:14,130,78,145,145
2012-10-23T16:46:15,130,79,145,145
2012-10-23T16:46:16,130,79,145,145
2012-10-23T16:46:17,130,79,145,145
2012-10-23T16:46:18,130,79,145,145
2012-10-23T16:46:19,130,80,145,145
2012-10-23T16:46:20,130,80,145,145
2012-10-23T16:46:21,130,79,145,145
2012-10-23T16:46:22,130,79,145,145
2012-10-23T16:46:23,130,78,145,145
2012-10-23T16:46:24,130,78,145,145
2012-10-23T16:46:25,130,78,145,145
2012-10-23T16:46:26,130,78,145,145
2012-10-23T16:46:27,130,79,145,145
2012-10-23T16:46:28,130,80,145,145
2012-10-23T16:46:29,130,80,145,145
2012-10-23T16:46:30,130,79,145,145
2012-10-23T16:46:31,130,79,145,145
2012-10-23T16:46:32,130,79,146,145
2012-10-23T16:46:33,130,78,146,145
2012-10-23T16:46:34,130,79,146,145
2012-10-23T16:46:35,130,79,146,145
2012-10-23T16:46:36,130,79,146,145
2012-10-23T16:46:37,130,79,146,145
2012-10-23T16:46:38,130,79,146,145
2012-10-23T16:46:39,130,79,146,145
2012-10-23T16:46:40,130,80,145,145
2012-10-23T16:46:41,130,81,145,145
2012-10-23T16:46:42,130,81,145,145
2012-10-23T16:46:43,130,82,145,145
2012-10-23T16:46:44,130,81,145,145
2012-10-23T16:46:45,130,81,145,145
2012-10-23T16:46:46,130,81,145,145
2012-10-23T16:46:47,130,81,145,145
2012-10-23T16:46:48,130,82,145,145
2012-10-23T16:46:49,130,81,145,145
2012-10-23T16:46:50,130,81,145,145
2012-10-23T16:46:51,130,81,145,145
2012-10-23T16:46:52,130,81,145,145
2012-10-23T16:46:53,130,80,145,145
2012-10-23T16:46:54,130,81,146,145
2012-10-23T16:46:55,130,81,146,145
2012-10-23T16:46:56,130,81,146,145
2012-10-23T16:46:57,130,80,146,145
2012-10-23T16:46:58,130,79,146,145
2012-10-23T16:46:59,130,78,146,145
2012-10-23T16:47:00,130,77,146,145
2012-10-23T16:47:01,130,77,146,145
2012-10-23T16:47:02,130,77,146,145
2012-10-23T16:47:03,130,78,146,145
2012-10-23T16:47:04,130,78,146,145
2012-10-23T16:47:05,130,78,146,145
2012-10-23T16:47:06,130,78,146,145
2012-10-23T16:47:07,130,77,146,145
2012-10-23T16:47:08,130,77,147,145
2012-10-23T16:47:09,130,77,147,145
2012-10-23T16:47:10,130,78,147,145
2012-10-23T16:47:11,130,78,147,145
2012-10-23T16:47:12,130,79,148,145
2012-10-23T16:47:13,130,79,148,145
2012-10-23T16:47:14,130,79,148,145
2012-10-23T16:47:15,130,80,148,145
2012-10-23T16:47:16,130,80,148,145
2012-10-23T16:47:17,130,79,148,145
2012-10-23T16:47:18,130,80,148,145
2012-10-23T16:47:19,130,80,149,145
2012-10-23T16:47:20,130,80,149,145
2012-10-23T16:47:21,130,79,149,145
2012-10-23T16:47:22,130,79,149,145
2012-10-23T16:47:23,130,79,149,145
2012-10-23T16:47:24,130,80,149,145
2012-10-23T16:47:25,130,80,149,145
2012-10-23T16:47:26,130,80,149,145
2012-10-23T16:47:27,130,80,150,145
2012-10-23T16:47:28,130,79,150,145
2012-10-23T16:47:29,130,79,150,145
2012-10-23T16:47:30,130,79,150,145
2012-10-23T16:47:31,130,80,150,145
2012-10-23T16:47:32,130,80,149,145
2012-10-23T16:47:33,130,81,149,145
2012-10-23T16:47:34,130,81,149,145
2012-10-23T16:47:35,130,81,149,145
2012-10-23T16:47:36,130,81,149,145
2012-10-23T16:47:37,130,81,149,145
2012-10-23T16:47:38,130,80,149,145
2012-10-23T16:47:39,130,80,149,145
2012-10-23T16:47:40,130,80,149,145
2012-10-23T16:47:41,130,80,149,145
2012-10-23T16:47:42,130,80,149,145
2012-10-23T16:47:43,130,79,149,145
2012-10-23T16:47:44,130,79,149,145
2012-10-23T16:47:45,130,79,149,145
2012-10-23T16:47:46,130,79,149,145
2012-10-23T16:47:47,130,79,149,145
2012-10-23T16:47:48,130,79,149,145
2012-10-23T16:47:49,130,79,149,145
2012-10-23T16:47:50,130,79,149,145
2012-10-23T16:47:51,130,79,149,145
2012-10-23T16:47:52,130,79,149,145
2012-10-23T16:47:53,130,79,149,145
2012-10-23T16:47:54,130,79,149,145
2012-10-23T16:47:55,130,80,149,145
2012-10-23T16:47:56,130,80,149,145
2012-10-23T16:47:57,130,80,149,145
2012-10-23T16:47:58,130,79,149,145
2012-10-23T16:47:59,130,79,149,145
2012-10-23T16:48:00,130,79,149,145
2012-10-23T16:48:01,130,79,149,145
2012-10-23T16:48:02,130,80,149,145
2012-10-23T16:48:03,130,80,149,145
2012-10-23T16:48:04,130,81,149,145
2012-10-23T16:48:05,130,80,149,145
2012-10-23T16:48:06,130,80,149,145
2012-10-23T16:48:07,130,80,150,145
2012-10-23T16:48:08,130,80,150,145
2012-10-23T16:48:09,130,79,150,145
2012-10-23T16:48:10,130,80,150,145
2012-10-23T16:48:11,130,80,150,145
2012-10-23T16:48:12,130,79,150,145
2012-10-23T16:48:13,130,79,150,145
2012-10-23T16:48:14,130,79,150,145
2012-10-23T16:48:15,130,79,150,145
2012-10-23T16:48:16,130,79,150,145
2012-10-23T16:48:17,130,79,150,145
2012-10-23T16:48:18,130,80,150,145
2012-10-23T16:48:19,130,80,150,145
2012-10-23T16:48:20,130,80,150,145
2012-10-23T16:48:21,130,80,150,145
2012-10-23T16:48:22,130,79,150,145
2012-10-23T16:48:23,130,79,150,145
2012-10-23T16:48:24,130,79,150,145
2012-10-23T16:48:25,130,79,150,145
2012-10-23T16:48:26,130,78,150,145
2012-10-23T16:48:27,130,78,150,145
2012-10-23T16:48:28,130,78,150,145
2012-10-23T16:48:29,130,78,150,145
2012-10-23T16:48:30,130,78,150,145
2012-10-23T16:48:31,130,78,150,145
2012-10-23T16:48:32,130,77,150,145
2012-10-23T16:48:33,130,77,150,145
2012-10-23T16:48:34,130,77,150,145
2012-10-23T16:48:35,130,77,150,145
2012-10-23T16:48:36,130,78,150,145
2012-10-23T16:48:37,130,78,150,145
2012-10-23T16:48:38,130,78,149,145
2012-10-23T16:48:39,130,78,149,145
2012-10-23T16:48:40,130,79,149,145
2012-10-23T16:48:41,130,79,148,145
2012-10-23T16:48:42,130,79,148,145
2012-10-23T16:48:43,130,79,147,145
2012-10-23T16:48:44,130,79,147,145
2012-10-23T16:48:45,130,79,147,145
2012-10-23T16:48:46,130,79,146,145
2012-10-23T16:48:47,130,79,146,145
2012-10-23T16:48:48,130,80,146,145
2012-10-23T16:48:49,130,80,146,145
2012-10-23T16:48:50,130,80,146,145
2012-10-23T16:48:51,130,80,146,145
2012-10-23T16:48:52,130,80,146,145
2012-10-23T16:48:53,130,79,146,145
2012-10-23T16:48:54,130,79,146,145
2012-10-23T16:48:55,130,79,146,145
2012-10-23T16:48:56,130,79,146,145
2012-10-23T16:48:57,130,79,146,145
2012-10-23T16:48:58,130,79,146,145
2012-10-23T16:48:59,130,79,146,145
2012-10-23T16:49:00,130,79,146,145
2012-10-23T16:49:01,130,78,146,145
2012-10-23T16:49:02,130,78,146,145
2012-10-23T16:49:03,130,78,146,145
2012-10-23T16:49:04,130,78,146,145
2012-10-23T16:49:05,130,78,146,145
2012-10-23T16:49:06,130,79,146,145
2012-10-23T16:49:07,130,79,146,145
2012-10-23T16:49:08,130,79,146,145
2012-10-23T16:49:09,130,80,146,145
2012-10-23T16:49:10,130,80,146,145
2012-10-23T16:49:11,130,79,146,145
2012-10-23T16:49:12,130,79,146,145
2012-10-23T16:49:13,130,80,146,145
2012-10-23T16:49:14,130,80,146,145
2012-10-23T16:49:15,130,80,146,145
2012-10-23T16:49:16,130,81,146,145
2012-10-23T16:49:17,130,81,146,145
2012-10-23T16:49:18,130,80,146,145
2012-10-23T16:49:19,130,80,146,145
2012-10-23T16:49:20,130,80,146,145
2012-10-23T16:49:21,130,80,146,145
2012-10-23T16:49:22,130,80,146,145
2012-10-23T16:49:23,130,80,146,145
2012-10-23T16:49:24,130,80,146,145
2012-10-23T16:49:25,130,80,146,145
2012-10-23T16:49:26,130,79,146,145
2012-10-23T16:49:27,130,79,146,145
2012-10-23T16:49:28,130,79,146,145
2012-10-23T16:49:29,130,79,146,145
2012-10-23T16:49:30,130,80,146,145
2012-10-23T16:49:31,130,80,146,145
2012-10-23T16:49:32,130,80,146,145
2012-10-23T16:49:33,130,81,146,145
2012-10-23T16:49:34,130,80,146,145
2012-10-23T16:49:35,130,80,146,145
2012-10-23T16:49:36,130,80,146,145
2012-10-23T16:49:37,130,80,146,145
2012-10-23T16:49:38,130,81,146,145
2012-10-23T16:49:39,130,80,146,145
2012-10-23T16:49:40,130,80,146,145
2012-10-23T16:49:41,130,80,146,145
2012-10-23T16:49:42,130,80,147,145
2012-10-23T16:49:43,130,80,147,145
2012-10-23T16:49:44,130,80,147,145
2012-10-23T16:49:45,130,80,147,145
2012-10-23T16:49:46,130,79,147,145
2012-10-23T16:49:47,130,79,147,145
2012-10-23T16:49:48,130,79,147,145
2012-10-23T16:49:49,130,79,147,145
2012-10-23T16:49:50,130,80,147,145
2012-10-23T16:49:51,130,80,147,145
2012-10-23T16:49:52,130,80,147,145
2012-10-23T16:49:53,130,80,147,145
2012-10-23T16:49:54,130,80,147,145
2012-10-23T16:49:55,130,79,147,145
2012-10-23T16:49:56,130,79,147,145
2012-10-23T16:49:57,130,79,148,145
2012-10-23T16:49:58,130,79,148,145
2012-10-23T16:49:59,130,79,148,145
2012-10-23T16:50:00,130,79,148,145
2012-10-23T16:50:01,130,78,148,145
2012-10-23T16:50:02,130,78,148,145
2012-10-23T16:50:03,130,79,148,145
2012-10-23T16:50:04,130,79,148,145
2012-10-23T16:50:05,130,80,148,145
2012-10-23T16:50:06,130,80,148,145
2012-10-23T16:50:07,130,81,148,145
2012-10-23T16:50:08,130,81,147,145
2012-10-23T16:50:09,130,80,147,145
2012-10-23T16:50:10,130,80,147,145
2012-10-23T16:50:11,130,80,147,145
2012-10-23T16:50:12,130,80,147,145
2012-10-23T16:50:13,130,80,147,145
2012-10-23T16:50:14,130,80,147,145
2012-10-23T16:50:15,130,80,146,145
2012-10-23T16:50:16,130,80,146,145
2012-10-23T16:50:17,130,80,146,145
2012-10-23T16:50:18,130,80,146,145
2012-10-23T16:50:19,130,80,146,145
2012-10-23T16:50:20,130,80,147,145
2012-10-23T16:50:21,130,80,147,145
2012-10-23T16:50:22,130,80,147,145
2012-10-23T16:50:23,130,79,147,145
2012-10-23T16:50:24,130,79,147,145
2012-10-23T16:50:25,130,79,147,145
2012-10-23T16:50:26,130,79,147,145
2012-10-23T16:50:27,130,78,147,145
2012-10-23T16:50:28,130,78,147,145
2012-10-23T16:50:29,130,77,147,145
2012-10-23T16:50:30,130,77,147,145
2012-10-23T16:50:31,130,76,147,145
2012-10-23T16:50:32,130,77,148,145
2012-10-23T16:50:33,130,76,148,145
2012-10-23T16:50:34,130,76,148,145
2012-10-23T16:50:35,130,77,148,145
2012-10-23T16:50:36,130,78,148,145
2012-10-23T16:50:37,130,78,148,145
2012-10-23T16:50:38,130,79,148,145
2012-10-23T16:50:39,130,79,148,145
2012-10-23T16:50:40,130,79,148,145
2012-10-23T16:50:41,130,78,148,145
2012-10-23T16:50:42,130,78,148,145
2012-10-23T16:50:43,130,78,148,145
2012-10-23T16:50:44,130,78,148,145
2012-10-23T16:50:45,130,78,148,145
2012-10-23T16:50:46,130,79,148,145
2012-10-23T16:50:47,130,79,148,145
2012-10-23T16:50:48,130,79,148,145
2012-10-23T16:50:49,130,80,149,145
2012-10-23T16:50:50,130,80,149,145
2012-10-23T16:50:51,130,80,149,145
2012-10-23T16:50:52,130,80,149,145
2012-10-23T16:50:53,130,80,149,145
2012-10-23T16:50:54,130,79,149,145
2012-10-23T16:50:55,130,79,149,145
2012-10-23T16:50:56,130,80,149,145
2012-10-23T16:50:57,130,80,149,145
2012-10-23T16:50:58,130,80,149,145
2012-10-23T16:50:59,130,80,149,145
2012-10-23T16:51:00,130,79,149,145
2012-10-23T16:51:01,130,79,149,145
2012-10-23T16:51:02,130,79,149,145
2012-10-23T16:51:03,130,80,149,145
2012-10-23T16:51:04,130,80,149,145
2012-10-23T16:51:05,130,81,149,145
2012-10-23T16:51:06,130,81,149,145
2012-10-23T16:51:07,130,81,149,145
2012-10-23T16:51:08,130,80,149,145
2012-10-23T16:51:09,130,80,149,145
2012-10-23T16:51:10,130,80,149,145
2012-10-23T16:51:11,130,80,149,145
2012-10-23T16:51:12,130,80,148,145
2012-10-23T16:51:13,130,80,148,145
2012-10-23T16:51:14,130,80,148,145
2012-10-23T16:51:15,130,80,148,145
2012-10-23T16:51:16,130,80,148,145
2012-10-23T16:51:17,130,80,148,145
2012-10-23T16:51:18,130,80,148,145
2012-10-23T16:51:19,130,81,148,145
2012-10-23T16:51:20,130,81,148,145
2012-10-23T16:51:21,130,81,148,145
2012-10-23T16:51:22,130,80,148,145
2012-10-23T16:51:23,130,80,148,145
2012-10-23T16:51:24,130,80,148,145
2012-10-23T16:51:25,130,79,148,145
2012-10-23T16:51:26,130,79,148,145
2012-10-23T16:51:27,130,79,147,145
2012-10-23T16:51:28,130,79,147,145
2012-10-23T16:51:29,130,79,147,145
2012-10-23T16:51:30,130,80,147,145
2012-10-23T16:51:31,130,80,147,145
2012-10-23T16:51:32,130,80,147,145
2012-10-23T16:51:33,130,80,147,145
2012-10-23T16:51:34,130,80,147,145
2012-10-23T16:51:35,130,80,147,145
2012-10-23T16:51:36,130,80,147,145
2012-10-23T16:51:37,130,80,147,145
2012-10-23T16:51:38,130,80,146,145
2012-10-23T16:51:39,130,80,146,145
2012-10-23T16:51:40,130,80,146,145
2012-10-23T16:51:41,130,81,146,145
2012-10-23T16:51:42,130,81,146,145
2012-10-23T16:51:43,130,81,146,145
2012-10-23T16:51:44,130,81,146,145
2012-10-23T16:51:45,130,81,146,145
2012-10-23T16:51:46,130,81,146,145
2012-10-23T16:51:47,130,80,146,145
2012-10-23T16:51:48,130,80,146,145
2012-10-23T16:51:49,130,80,146,145
2012-10-23T16:51:50,130,80,146,145
2012-10-23T16:51:51,130,80,146,145
2012-10-23T16:51:52,130,80,146,145
2012-10-23T16:51:53,130,80,147,145
2012-10-23T16:51:54,130,80,147,145
2012-10-23T16:51:55,130,79,147,145
2012-10-23T16:51:56,130,79,147,145
2012-10-23T16:51:57,130,79,147,145
2012-10-23T16:51:58,130,79,147,145
2012-10-23T16:51:59,130,79,147,145
2012-10-23T16:52:00,130,79,147,145
2012-10-23T16:52:01,130,80,147,145
2012-10-23T16:52:02,130,80,147,145
2012-10-23T16:52:03,130,79,147,145
2012-10-23T16:52:04,130,79,147,145
2012-10-23T16:52:05,130,79,147,145
2012-10-23T16:52:06,130,79,147,145
2012-10-23T16:52:07,130,79,147,145
2012-10-23T16:52:08,130,79,147,145
2012-10-23T16:52:09,130,80,147,145
2012-10-23T16:52:10,130,79,147,145
2012-10-23T16:52:11,130,79,147,145
2012-10-23T16:52:12,130,79,147,145
2012-10-23T16:52:13,130,79,147,145
2012-10-23T16:52:14,130,79,147,145
2012-10-23T16:52:15,130,79,147,145
2012-10-23T16:52:16,130,78,148,145
2012-10-23T16:52:17,130,79,148,145
2012-10-23T16:52:18,130,79,148,145
2012-10-23T16:52:19,130,79,148,145
2012-10-23T16:52:20,130,80,148,145
2012-10-23T16:52:21,130,80,148,145
2012-10-23T16:52:22,130,80,148,145
2012-10-23T16:52:23,130,80,148,145
2012-10-23T16:52:24,130,80,148,145
2012-10-23T16:52:25,130,80,148,145
2012-10-23T16:52:26,130,80,148,145
2012-10-23T16:52:27,130,80,148,145
2012-10-23T16:52:28,130,81,148,145
2012-10-23T16:52:29,130,81,148,145
2012-10-23T16:52:30,130,81,149,145
2012-10-23T16:52:31,130,81,149,145
2012-10-23T16:52:32,130,80,149,145
2012-10-23T16:52:33,130,79,149,145
2012-10-23T16:52:34,130,78,149,145
2012-10-23T16:52:35,130,77,149,145
2012-10-23T16:52:36,130,78,149,145
2012-10-23T16:52:37,130,78,149,145
2012-10-23T16:52:38,130,79,149,145
2012-10-23T16:52:39,130,80,149,145
2012-10-23T16:52:40,130,80,149,145
2012-10-23T16:52:41,130,81,149,145
2012-10-23T16:52:42,130,81,149,145
2012-10-23T16:52:43,130,81,150,145
2012-10-23T16:52:44,130,80,150,145
2012-10-23T16:52:45,130,80,150,145
2012-10-23T16:52:46,130,80,150,145
2012-10-23T16:52:47,130,80,150,145
2012-10-23T16:52:48,130,80,150,145
2012-10-23T16:52:49,130,80,150,145
2012-10-23T16:52:50,130,80,150,145
2012-10-23T16:52:51,130,80,150,145
2012-10-23T16:52:52,130,79,150,145
2012-10-23T16:52:53,130,79,150,145
2012-10-23T16:52:54,130,80,150,145
2012-10-23T16:52:55,130,80,150,145
2012-10-23T16:52:56,130,80,150,145
2012-10-23T16:52:57,130,80,150,145
2012-10-23T16:52:58,130,80,150,145
2012-10-23T16:52:59,130,80,150,145
2012-10-23T16:53:00,130,80,150,145
2012-10-23T16:53:01,130,79,150,145
2012-10-23T16:53:02,130,79,150,145
2012-10-23T16:53:03,130,80,150,145
2012-10-23T16:53:04,130,80,150,145
2012-10-23T16:53:05,130,80,150,145
2012-10-23T16:53:06,130,81,150,145
2012-10-23T16:53:07,130,81,150,145
2012-10-23T16:53:08,130,80,150,145
2012-10-23T16:53:09,130,79,150,145
2012-10-23T16:53:10,130,79,150,145
2012-10-23T16:53:11,130,79,150,145
2012-10-23T16:53:12,130,79,150,145
2012-10-23T16:53:13,130,79,150,145
2012-10-23T16:53:14,130,79,150,145
2012-10-23T16:53:15,130,79,150,145
2012-10-23T16:53:16,130,79,150,145
2012-10-23T16:53:17,130,78,150,145
2012-10-23T16:53:18,130,79,150,145
2012-10-23T16:53:19,130,79,150,145
2012-10-23T16:53:20,130,80,150,145
2012-10-23T16:53:21,130,79,150,145
2012-10-23T16:53:22,130,79,150,145
2012-10-23T16:53:23,130,79,150,145
2012-10-23T16:53:24,130,78,150,145
2012-10-23T16:53:25,130,78,150,145
2012-10-23T16:53:26,130,79,150,145
2012-10-23T16:53:27,130,79,150,145
2012-10-23T16:53:28,130,80,150,145
2012-10-23T16:53:29,130,80,150,145
2012-10-23T16:53:30,130,81,150,145
2012-10-23T16:53:31,130,81,150,145
2012-10-23T16:53:32,130,80,150,145
2012-10-23T16:53:33,130,80,150,145
2012-10-23T16:53:34,130,79,149,145
2012-10-23T16:53:35,130,79,149,145
2012-10-23T16:53:36,130,80,149,145
2012-10-23T16:53:37,130,80,149,145
2012-10-23T16:53:38,130,80,149,145
2012-10-23T16:53:39,130,80,149,145
2012-10-23T16:53:40,130,80,149,145
2012-10-23T16:53:41,130,79,149,145
2012-10-23T16:53:42,130,79,148,145
2012-10-23T16:53:43,130,79,148,145
2012-10-23T16:53:44,130,79,148,145
2012-10-23T16:53:45,130,79,148,145
2012-10-23T16:53:46,130,79,148,145
2012-10-23T16:53:47,130,79,148,145
2012-10-23T16:53:48,130,79,148,145
2012-10-23T16:53:49,130,79,148,145
2012-10-23T16:53:50,130,79,148,145
2012-10-23T16:53:51,130,79,148,145
2012-10-23T16:53:52,130,79,148,145
2012-10-23T16:53:53,130,80,148,145
2012-10-23T16:53:54,130,80,148,145
2012-10-23T16:53:55,130,80,148,145
2012-10-23T16:53:56,130,80,148,145
2012-10-23T16:53:57,130,80,148,145
2012-10-23T16:53:58,130,80,148,145
2012-10-23T16:53:59,130,79,148,145
2012-10-23T16:54:00,130,79,148,145
2012-10-23T16:54:01,130,79,148,145
2012-10-23T16:54:02,130,80,148,145
2012-10-23T16:54:03,130,80,148,145
2012-10-23T16:54:04,130,80,148,145
2012-10-23T16:54:05,130,79,148,145
2012-10-23T16:54:06,130,79,148,145
2012-10-23T16:54:07,130,79,148,145
2012-10-23T16:54:08,130,79,148,145
2012-10-23T16:54:09,130,80,148,145
2012-10-23T16:54:10,130,80,148,145
2012-10-23T16:54:11,130,81,147,145
2012-10-23T16:54:12,130,81,147,145
2012-10-23T16:54:13,130,81,147,145
2012-10-23T16:54:14,130,81,147,145
2012-10-23T16:54:15,130,81,147,145
2012-10-23T16:54:16,130,80,147,145
2012-10-23T16:54:17,130,80,147,145
2012-10-23T16:54:18,130,80,147,145
2012-10-23T16:54:19,130,80,147,145
2012-10-23T16:54:20,130,81,147,145
2012-10-23T16:54:21,130,81,147,145
2012-10-23T16:54:22,130,81,147,145
2012-10-23T16:54:23,130,81,147,145
2012-10-23T16:54:24,130,80,147,145
2012-10-23T16:54:25,130,80,147,145
2012-10-23T16:54:26,130,80,147,145
2012-10-23T16:54:27,130,80,147,145
2012-10-23T16:54:28,130,80,147,145
2012-10-23T16:54:29,130,80,147,145
2012-10-23T16:54:30,130,80,147,145
2012-10-23T16:54:31,130,80,147,145
2012-10-23T16:54:32,130,81,147,145
2012-10-23T16:54:33,130,81,147,145
2012-10-23T16:54:34,130,81,147,145
2012-10-23T16:54:35,130,81,147,145
2012-10-23T16:54:36,130,80,147,145
2012-10-23T16:54:37,130,79,147,145
2012-10-23T16:54:38,130,79,147,145
2012-10-23T16:54:39,130,79,147,145
2012-10-23T16:54:40,130,80,147,145
2012-10-23T16:54:41,130,80,147,145
2012-10-23T16:54:42,130,80,147,145
2012-10-23T16:54:43,130,79,147,145
2012-10-23T16:54:44,130,79,147,145
2012-10-23T16:54:45,130,79,147,145
2012-10-23T16:54:46,130,80,147,145
2012-10-23T16:54:47,130,79,147,145
2012-10-23T16:54:48,130,79,147,145
2012-10-23T16:54:49,130,79,147,145
2012-10-23T16:54:50,130,78,147,145
2012-10-23T16:54:51,130,77,147,145
2012-10-23T16:54:52,130,77,147,145
2012-10-23T16:54:53,130,77,147,145
2012-10-23T16:54:54,130,77,147,145
2012-10-23T16:54:55,130,78,147,145
2012-10-23T16:54:56,130,78,147,145
2012-10-23T16:54:57,130,78,147,145
2012-10-23T16:54:58,130,78,147,145
2012-10-23T16:54:59,130,78,148,145
2012-10-23T16:55:00,130,79,148,145
2012-10-23T16:55:01,130,79,148,145
2012-10-23T16:55:02,130,79,148,145
2012-10-23T16:55:03,130,79,148,145
2012-10-23T16:55:04,130,79,148,145
2012-10-23T16:55:05,130,79,148,145
2012-10-23T16:55:06,130,79,148,145
2012-10-23T16:55:07,130,79,148,145
2012-10-23T16:55:08,130,80,148,145
2012-10-23T16:55:09,130,80,148,145
2012-10-23T16:55:10,130,81,148,145
2012-10-23T16:55:11,130,81,148,145
2012-10-23T16:55:12,130,82,148,145
2012-10-23T16:55:13,130,82,148,145
2012-10-23T16:55:14,130,82,148,145
2012-10-23T16:55:15,130,81,148,145
2012-10-23T16:55:16,130,81,148,145
2012-10-23T16:55:17,130,81,148,145
2012-10-23T16:55:18,130,81,148,145
2012-10-23T16:55:19,130,81,148,145
2012-10-23T16:55:20,130,81,149,145
2012-10-23T16:55:21,130,81,149,145
2012-10-23T16:55:22,130,80,149,145
2012-10-23T16:55:23,130,80,149,145
2012-10-23T16:55:24,130,80,149,145
2012-10-23T16:55:25,130,79,149,145
2012-10-23T16:55:26,130,79,149,145
2012-10-23T16:55:27,130,79,149,145
2012-10-23T16:55:28,130,80,149,145
2012-10-23T16:55:29,130,81,149,145
2012-10-23T16:55:30,130,81,149,145
2012-10-23T16:55:31,130,82,149,145
2012-10-23T16:55:32,130,82,149,145
2012-10-23T16:55:33,130,82,149,145
2012-10-23T16:55:34,130,82,149,145
2012-10-23T16:55:35,130,81,149,145
2012-10-23T16:55:36,130,81,149,145
2012-10-23T16:55:37,130,81,149,145
2012-10-23T16:55:38,130,81,149,145
2012-10-23T16:55:39,130,81,149,145
2012-10-23T16:55:40,130,81,149,145
2012-10-23T16:55:41,130,81,149,145
2012-10-23T16:55:42,130,81,149,145
2012-10-23T16:55:43,130,81,149,145
2012-10-23T16:55:44,130,80,149,145
2012-10-23T16:55:45,130,80,149,145
2012-10-23T16:55:46,130,80,149,145
2012-10-23T16:55:47,130,80,149,145
2012-10-23T16:55:48,130,80,149,145
2012-10-23T16:55:49,130,80,149,145
2012-10-23T16:55:50,130,80,149,145
2012-10-23T16:55:51,130,80,149,145
2012-10-23T16:55:52,130,80,149,145
2012-10-23T16:55:53,130,80,149,145
2012-10-23T16:55:54,130,81,149,145
2012-10-23T16:55:55,130,81,149,145
2012-10-23T16:55:56,130,81,149,145
2012-10-23T16:55:57,130,81,149,145
2012-10-23T16:55:58,130,80,149,145
2012-10-23T16:55:59,130,80,149,145
2012-10-23T16:56:00,130,80,149,145
2012-10-23T16:56:01,130,80,149,145
2012-10-23T16:56:02,130,80,149,145
2012-10-23T16:56:03,130,80,149,145
2012-10-23T16:56:04,130,80,149,145
2012-10-23T16:56:05,130,80,149,145
2012-10-23T16:56:06,130,80,149,145
2012-10-23T16:56:07,130,80,149,145
2012-10-23T16:56:08,130,81,149,145
2012-10-23T16:56:09,130,81,149,145
2012-10-23T16:56:10,130,81,149,145
2012-10-23T16:56:11,130,82,149,145
2012-10-23T16:56:12,130,81,149,145
2012-10-23T16:56:13,130,81,149,145
2012-10-23T16:56:14,130,81,149,145
2012-10-23T16:56:15,130,82,149,145
2012-10-23T16:56:16,130,82,149,145
2012-10-23T16:56:17,130,82,149,145
2012-10-23T16:56:18,130,82,149,145
2012-10-23T16:56:19,130,82,149,145
2012-10-23T16:56:20,130,82,149,145
2012-10-23T16:56:21,130,82,149,145
2012-10-23T16:56:22,130,82,149,145
2012-10-23T16:56:23,130,82,148,145
2012-10-23T16:56:24,130,82,148,145
2012-10-23T16:56:25,130,82,148,145
2012-10-23T16:56:26,130,82,148,145
2012-10-23T16:56:27,130,82,148,145
2012-10-23T16:56:28,130,82,148,145
2012-10-23T16:56:29,130,82,148,145
2012-10-23T16:56:30,130,82,148,145
2012-10-23T16:56:31,130,82,148,145
2012-10-23T16:56:32,130,82,148,145
2012-10-23T16:56:33,130,82,148,145
2012-10-23T16:56:34,130,81,148,145
2012-10-23T16:56:35,130,81,148,145
2012-10-23T16:56:36,130,81,148,145
2012-10-23T16:56:37,130,81,148,145
2012-10-23T16:56:38,130,81,148,145
2012-10-23T16:56:39,130,80,148,145
2012-10-23T16:56:40,130,80,148,145
2012-10-23T16:56:41,130,79,148,145
2012-10-23T16:56:42,130,79,148,145
2012-10-23T16:56:43,130,79,148,145
2012-10-23T16:56:44,130,80,148,145
2012-10-23T16:56:45,130,80,148,145
2012-10-23T16:56:46,130,79,148,145
2012-10-23T16:56:47,130,79,148,145
2012-10-23T16:56:48,130,79,148,145
2012-10-23T16:56:49,130,78,148,145
2012-10-23T16:56:50,130,79,148,145
2012-10-23T16:56:51,130,79,148,145
2012-10-23T16:56:52,130,79,148,145
2012-10-23T16:56:53,130,79,148,145
2012-10-23T16:56:54,130,79,148,145
2012-10-23T16:56:55,130,79,148,145
2012-10-23T16:56:56,130,79,148,145
2012-10-23T16:56:57,130,79,148,145
2012-10-23T16:56:58,130,79,148,145
2012-10-23T16:56:59,130,79,148,145
2012-10-23T16:57:00,130,79,148,145
2012-10-23T16:57:01,130,79,148,145
2012-10-23T16:57:02,130,79,148,145
2012-10-23T16:57:03,130,78,148,145
2012-10-23T16:57:04,130,78,148,145
2012-10-23T16:57:05,130,78,148,145
2012-10-23T16:57:06,130,78,148,145
2012-10-23T16:57:07,130,78,148,145
2012-10-23T16:57:08,130,79,148,145
2012-10-23T16:57:09,130,79,148,145
2012-10-23T16:57:10,130,78,148,145
2012-10-23T16:57:11,130,78,148,145
2012-10-23T16:57:12,130,78,148,145
2012-10-23T16:57:13,130,78,148,145
2012-10-23T16:57:14,130,78,148,145
2012-10-23T16:57:15,130,79,148,145
2012-10-23T16:57:16,130,79,148,145
2012-10-23T16:57:17,130,80,149,145
2012-10-23T16:57:18,130,80,149,145
2012-10-23T16:57:19,130,80,149,145
2012-10-23T16:57:20,130,80,150,145
2012-10-23T16:57:21,130,79,150,145
2012-10-23T16:57:22,130,79,150,145
2012-10-23T16:57:23,130,79,151,145
2012-10-23T16:57:24,130,79,151,145
2012-10-23T16:57:25,130,79,151,145
2012-10-23T16:57:26,130,79,151,145
2012-10-23T16:57:27,130,78,151,145
2012-10-23T16:57:28,130,78,151,145
2012-10-23T16:57:29,130,78,151,145
2012-10-23T16:57:30,130,78,151,145
2012-10-23T16:57:31,130,78,151,145
2012-10-23T16:57:32,125,78,151,145
2012-10-23T16:57:33,125,79,151,145
2012-10-23T16:57:34,125,79,150,145
2012-10-23T16:57:35,125,79,150,145
2012-10-23T16:57:36,125,80,150,145
2012-10-23T16:57:37,125,80,150,145
2012-10-23T16:57:38,125,80,150,145
2012-10-23T16:57:39,125,80,150,145
2012-10-23T16:57:40,125,80,150,145
2012-10-23T16:57:41,125,79,150,145
2012-10-23T16:57:42,125,79,150,145
2012-10-23T16:57:43,125,79,150,145
2012-10-23T16:57:44,125,79,150,145
2012-10-23T16:57:45,125,79,150,145
2012-10-23T16:57:46,125,79,150,145
2012-10-23T16:57:47,125,79,150,145
2012-10-23T16:57:48,125,79,150,145
2012-10-23T16:57:49,125,79,150,145
2012-10-23T16:57:50,125,80,150,145
2012-10-23T16:57:51,125,80,150,145
2012-10-23T16:57:52,125,80,150,145
2012-10-23T16:57:53,125,80,150,145
2012-10-23T16:57:54,125,80,150,145
2012-10-23T16:57:55,125,80,150,145
2012-10-23T16:57:56,125,80,150,145
2012-10-23T16:57:57,125,80,149,145
2012-10-23T16:57:58,125,79,149,145
2012-10-23T16:57:59,125,79,149,145
2012-10-23T16:58:00,125,79,149,145
2012-10-23T16:58:01,125,79,149,145
2012-10-23T16:58:02,125,79,149,145
2012-10-23T16:58:03,125,79,149,145
2012-10-23T16:58:04,125,79,149,145
2012-10-23T16:58:05,125,79,149,145
2012-10-23T16:58:06,125,80,149,145
2012-10-23T16:58:07,125,80,148,145
2012-10-23T16:58:08,125,81,148,145
2012-10-23T16:58:09,125,81,148,145
2012-10-23T16:58:10,125,82,148,145
2012-10-23T16:58:11,125,82,148,145
2012-10-23T16:58:12,125,81,148,145
2012-10-23T16:58:13,125,81,148,145
2012-10-23T16:58:14,125,81,148,145
2012-10-23T16:58:15,125,81,148,145
2012-10-23T16:58:16,125,80,148,145
2012-10-23T16:58:17,125,80,148,145
2012-10-23T16:58:18,125,80,148,145
2012-10-23T16:58:19,125,81,148,145
2012-10-23T16:58:20,125,80,148,145
2012-10-23T16:58:21,125,80,148,145
2012-10-23T16:58:22,125,80,148,145
2012-10-23T16:58:23,125,80,148,145
2012-10-23T16:58:24,125,80,148,145
2012-10-23T16:58:25,125,81,148,145
2012-10-23T16:58:26,125,82,148,145
2012-10-23T16:58:27,125,82,148,145
2012-10-23T16:58:28,125,81,148,145
2012-10-23T16:58:29,125,81,148,145
2012-10-23T16:58:30,125,81,148,145
2012-10-23T16:58:31,125,80,148,145
2012-10-23T16:58:32,125,80,148,145
2012-10-23T16:58:33,125,79,148,145
2012-10-23T16:58:34,125,80,148,145
2012-10-23T16:58:35,125,80,148,145
2012-10-23T16:58:36,125,80,148,145
2012-10-23T16:58:37,125,80,148,145
2012-10-23T16:58:38,125,80,148,145
2012-10-23T16:58:39,125,80,148,145
2012-10-23T16:58:40,125,81,148,145
2012-10-23T16:58:41,125,81,148,145
2012-10-23T16:58:42,125,82,148,145
2012-10-23T16:58:43,125,82,148,145
2012-10-23T16:58:44,125,82,148,145
2012-10-23T16:58:45,125,82,148,145
2012-10-23T16:58:46,125,82,148,145
2012-10-23T16:58:47,125,82,148,145
2012-10-23T16:58:48,125,82,147,145
2012-10-23T16:58:49,125,82,147,145
2012-10-23T16:58:50,125,81,147,145
2012-10-23T16:58:51,125,81,147,145
2012-10-23T16:58:52,125,81,147,145
2012-10-23T16:58:53,125,82,147,145
2012-10-23T16:58:54,125,81,146,145
2012-10-23T16:58:55,125,81,146,145
2012-10-23T16:58:56,125,81,146,145
2012-10-23T16:58:57,125,81,146,145
2012-10-23T16:58:58,125,81,145,145
2012-10-23T16:58:59,125,81,145,145
2012-10-23T16:59:00,125,81,145,145
2012-10-23T16:59:01,125,81,145,145
2012-10-23T16:59:02,125,81,145,145
2012-10-23T16:59:03,125,81,145,145
2012-10-23T16:59:04,125,81,145,145
2012-10-23T16:59:05,125,81,145,145
2012-10-23T16:59:06,125,80,145,145
2012-10-23T16:59:07,125,80,145,145
2012-10-23T16:59:08,125,80,145,145
2012-10-23T16:59:09,125,80,145,145
2012-10-23T16:59:10,125,80,145,145
2012-10-23T16:59:11,125,81,145,145
2012-10-23T16:59:12,125,81,145,145
2012-10-23T16:59:13,125,81,145,145
2012-10-23T16:59:14,125,81,145,145
2012-10-23T16:59:15,125,80,145,145
2012-10-23T16:59:16,125,79,145,145
2012-10-23T16:59:17,125,78,145,145
2012-10-23T16:59:18,125,78,145,145
2012-10-23T16:59:19,125,78,145,145
